time,q1,q2,dq1,dq2,tau1,tau2
99.838,0.003499,-0.080491,0.007326,0.153846,-0.07957,3.20139
99.848,0.003308,-0.07744,-0.021978,0.217339,-0.066152,3.2042
99.858,0.003308,-0.074769,-0.007326,0.163614,-0.066152,3.223948
99.868,0.003308,-0.070955,0.007326,0.227106,-0.070944,2.623065
99.878,0.003308,-0.067521,0.007326,0.227106,-0.066152,3.183392
99.888,0.003308,-0.064088,-0.007326,0.23199,-0.066152,3.171703
99.898,0.003308,-0.060273,-0.007326,0.217339,-0.066152,3.14488
99.908,0.003308,-0.056077,-0.007326,0.202686,-0.066152,3.104399
99.918,0.003308,-0.052644,-0.021978,0.212454,-0.066152,3.09306
99.928,0.003308,-0.049211,-0.007326,0.197803,-0.061359,3.080408
99.938,0.003308,-0.045396,-0.021978,0.202686,-0.066152,3.053978
99.948,0.003403,-0.042726,0.007326,0.163614,-0.072861,3.073309
99.958,0.003308,-0.040056,-0.007326,0.158731,-0.066152,3.094217
99.968,0.003308,-0.037004,-0.007326,0.173382,-0.066152,3.098411
99.978,0.003403,-0.034334,-0.007326,0.192918,-0.077653,3.116416
99.988,0.003403,-0.031282,-0.007326,0.178267,-0.072861,3.120553
99.998,0.003308,-0.028611,-0.007326,0.168498,-0.066152,3.139942
100.008,0.003212,-0.02594,-0.007326,0.18315,-0.064235,3.158455
100.018,0.003212,-0.022507,-0.007326,0.18315,-0.059443,3.149416
100.028,0.003403,-0.019455,0.007326,0.212454,-0.072861,3.151837
100.038,0.003308,-0.014115,-0.007326,0.246642,-0.066152,1.633496
100.048,0.003308,-0.0103,0.007326,0.197803,-0.066152,3.037007
100.058,0.003308,-0.006867,-0.007326,0.241758,-0.066152,3.025124
100.068,0.003308,-0.003052,-0.007326,0.227106,-0.066152,2.713175
100.078,0.003308,0.002289,0.007326,0.18315,-0.061359,2.909222
100.088,0.003308,0.00534,-0.021978,0.212454,-0.066152,2.911897
100.098,0.003308,0.008392,-0.007326,0.197803,-0.066152,2.914359
100.108,0.003308,0.013351,-0.007326,0.241758,-0.066152,2.840235
100.118,0.003308,0.016021,0.007326,0.13431,-0.061359,2.858829
100.128,0.003308,0.01831,-0.021978,0.158731,-0.066152,2.88951
100.138,0.003308,0.020218,-0.021978,0.129426,-0.066152,3.22266
0.02,-0.032454,-0.32311,0.241758,1.492064,0.510054,4.193452
0.03,-0.028523,-0.296407,0.183149,1.95116,0.551291,9.837397
0.04,-0.024112,-0.260548,0.227106,2.473748,0.463057,7.675744
0.05,-0.017785,-0.219731,0.388279,2.757021,0.326931,5.600986
0.06,-0.01232,-0.169757,0.271063,2.820513,0.227232,4.017225
0.069,-0.005609,-0.12665,0.388279,2.713065,0.09299,2.421001
0.079,-0.002061,-0.086595,0.212454,2.444445,0.026851,1.231221
0.089,0.002061,-0.037004,0.227106,1.956044,-0.055616,0.804868
0.099,0.004362,-0.018692,0.227106,0.652015,-0.116012,1.342034
0.109,0.005992,-0.006485,0.065933,0.896215,-0.115051,0.692372
0.119,0.005129,0.00534,-0.139194,0.617826,-0.083418,0.915777
0.129,0.005992,0.013351,0.095238,0.358974,-0.124636,1.005265
0.139,0.005417,0.01831,-0.051283,0.222222,-0.108337,1.216426
0.149,0.005609,0.019836,-0.007326,0.046398,-0.107379,1.278489
0.159,0.004937,0.020218,-0.051283,-0.041514,-0.098748,1.672115
0.169,0.004842,0.020218,-0.007326,0.002442,-0.096831,1.794557
0.18,0.004554,0.020218,-0.036631,-0.002442,-0.086288,1.916685
0.19,0.00417,0.019836,-0.036631,-0.021978,-0.073812,2.339796
0.2,0.003787,0.019836,-0.036631,0.002442,-0.070949,2.175052
0.21,0.003499,0.019836,-0.021978,-0.002442,-0.069985,2.296038
0.22,0.003499,0.020218,-0.007326,0.007326,-0.069985,2.401322
0.23,0.003308,0.020218,-0.021978,-0.002442,-0.066152,2.52143
0.24,0.003499,0.020218,-0.007326,0.002442,-0.065181,2.641086
0.25,0.003499,0.020218,0.007326,0.021978,-0.065181,2.760268
0.26,0.003499,0.020981,-0.007326,0.031746,-0.065181,2.848411
0.27,0.003499,0.021362,-0.007326,0.026862,-0.060389,2.951288
0.28,0.003499,0.022506,-0.007326,0.06105,-0.074778,2.737002
0.29,0.003403,0.023269,-0.021978,0.06105,-0.063276,3.109611
0.3,0.003499,0.026321,-0.007326,0.124542,-0.069985,2.817868
0.31,0.003499,0.02861,0.007326,0.148962,-0.069985,2.842068
0.32,0.003499,0.030899,-0.007326,0.158731,-0.060389,2.865643
0.33,0.003595,0.033569,0.007326,0.06105,-0.076711,3.159384
0.34,0.003499,0.034713,-0.021978,0.080586,-0.069985,3.227382
0.35,0.003403,0.035858,-0.007326,0.065934,-0.068069,3.294696
0.36,0.003499,0.037385,-0.021978,0.13431,-0.069985,3.059886
0.37,0.003499,0.039292,-0.021978,0.124542,-0.069985,3.381321
0.38,0.003499,0.041581,-0.021978,0.158731,-0.069985,3.114537
0.39,0.003595,0.044633,0.007326,0.188034,-0.076711,3.102593
0.4,0.003499,0.048066,0.007326,0.188034,-0.069985,3.074529
0.41,0.003403,0.051499,-0.007326,0.217339,-0.063276,3.045652
0.42,0.003499,0.054169,0.021978,0.188034,-0.065181,3.046444
0.43,0.003403,0.057984,0.007326,0.197803,-0.068069,3.00059
0.44,0.003499,0.061036,-0.007326,0.212454,-0.074778,2.984384
0.45,0.003499,0.064469,-0.021978,0.217339,-0.069985,2.951967
0.46,0.003499,0.068284,-0.007326,0.227106,-0.065181,2.617307
0.47,0.003595,0.07248,0.007326,0.202686,-0.076711,2.838607
0.48,0.003403,0.075913,-0.007326,0.217339,-0.068069,2.803387
0.49,0.003403,0.079346,-0.007326,0.20757,-0.068069,2.767187
0.5,0.003499,0.083161,-0.007326,0.168498,-0.069985,3.000879
0.51,0.003499,0.086213,-0.021978,0.188034,-0.069985,2.691808
0.52,0.003499,0.088502,-0.007326,0.148962,-0.069985,2.698416
0.53,0.003403,0.091172,-0.021978,0.148962,-0.063276,2.68872
0.54,0.003499,0.093461,-0.007326,0.173382,-0.069985,2.979366
0.55,0.003403,0.096131,-0.007326,0.153846,-0.063276,2.681493
0.559,0.003499,0.09842,0.007326,0.148962,-0.069985,2.683933
0.569,0.003499,0.101854,-0.007326,0.090354,-0.069985,2.925558
0.579,0.003499,0.103761,-0.007326,0.124542,-0.069985,2.654978
0.589,0.003403,0.105669,-0.021978,0.114774,-0.063276,2.955469
0.599,0.003499,0.107576,-0.007326,0.114774,-0.069985,2.968781
0.609,0.003499,0.109865,-0.007326,0.153846,-0.074778,2.679615
0.619,0.003499,0.111772,0.007326,0.124542,-0.069985,2.976731
0.629,0.003499,0.114061,0.007326,0.139194,-0.069985,2.685239
0.639,0.003499,0.116731,-0.007326,0.090354,-0.074778,2.663413
0.649,0.003499,0.118257,-0.007326,0.139194,-0.069985,2.972294
0.659,0.003499,0.120165,-0.007326,0.105006,-0.074778,2.69253
0.669,0.003403,0.122453,-0.007326,0.100122,-0.063276,2.682358
0.679,0.003499,0.123979,-0.007326,0.105006,-0.069985,2.701533
0.689,0.003403,0.125887,-0.007326,0.13431,-0.068069,2.704178
0.699,0.003499,0.12932,-0.007326,0.163614,-0.069985,1.786253
0.709,0.003499,0.131227,-0.021978,0.13431,-0.069985,2.930796
0.719,0.003403,0.133516,-0.007326,0.144078,-0.063276,2.628249
0.729,0.003499,0.135423,-0.021978,0.124542,-0.074778,2.625824
0.739,0.003403,0.138475,-0.007326,0.119658,-0.063276,2.57631
0.749,0.003403,0.140764,-0.021978,0.153846,-0.063276,2.555947
0.759,0.003499,0.143053,-0.007326,0.144078,-0.069985,2.534301
0.769,0.003499,0.145723,-0.007326,0.124542,-0.069985,2.496029
0.779,0.003499,0.14763,0.007326,0.114774,-0.069985,2.486922
0.789,0.003499,0.149538,-0.021978,0.10989,-0.069985,2.762558
0.799,0.003499,0.151064,-0.021978,0.105006,-0.065181,2.765987
0.809,0.003499,0.152971,-0.007326,0.100122,-0.069985,2.752847
0.819,0.003499,0.154115,0.007326,0.046398,-0.074778,2.7688
0.829,0.003403,0.15526,-0.007326,0.08547,-0.068069,2.783366
0.839,0.003499,0.156404,-0.036631,0.046398,-0.069985,2.796556
0.849,0.003403,0.157549,0.007326,0.08547,-0.063276,2.522238
0.859,0.003403,0.158693,-0.007326,0.080586,-0.063276,2.532602
0.869,0.003499,0.160219,0.007326,0.095238,-0.069985,2.526319
0.879,0.003499,0.162127,0.007326,0.119658,-0.069985,2.503263
0.889,0.003403,0.163653,-0.007326,0.105006,-0.068069,2.780146
0.899,0.003499,0.16556,-0.007326,0.08547,-0.065181,2.468139
0.909,0.003499,0.167086,0.007326,0.095238,-0.069985,2.456019
0.919,0.003403,0.168231,-0.021978,0.090354,-0.063276,2.743777
0.929,0.003499,0.169375,-0.007326,0.03663,-0.069985,2.743991
0.939,0.003499,0.170901,-0.007326,0.046398,-0.069985,2.727451
0.949,0.003499,0.171664,-0.007326,0.065934,-0.069985,2.739924
0.959,0.003499,0.172808,0.007326,0.065934,-0.069985,2.735675
0.969,0.003403,0.173571,-0.007326,0.041514,-0.063276,2.745172
0.979,0.003499,0.175097,0.007326,0.051282,-0.074778,2.722639
0.989,0.003499,0.17586,-0.007326,0.03663,-0.069985,2.443043
0.999,0.003403,0.177005,-0.007326,0.080586,-0.063276,2.718828
1.009,0.003499,0.17853,0.007326,0.031746,-0.074778,2.405643
1.019,0.003403,0.179293,-0.021978,0.070818,-0.063276,2.693647
1.029,0.003499,0.180056,-0.007326,0.031746,-0.069985,2.694041
1.039,0.003499,0.180438,0.007326,0.017094,-0.069985,2.422014
1.049,0.003499,0.180438,-0.007326,0.002442,-0.074778,2.735961
1.059,0.003499,0.180819,-0.007326,0.041514,-0.069985,2.746987
1.069,0.003499,0.181201,-0.007326,0.026862,-0.069985,2.75646
1.079,0.003499,0.181964,0.007326,0.01221,-0.074778,2.749115
1.089,0.003403,0.182345,-0.007326,0.021978,-0.063276,2.755514
1.099,0.003499,0.183108,-0.007326,0.046398,-0.069985,2.458941
1.109,0.003595,0.183871,0.007326,0.01221,-0.071907,2.733064
1.119,0.003403,0.184634,-0.021978,0.056166,-0.063276,2.43338
1.129,0.003499,0.185015,0.007326,0.01221,-0.069985,2.719555
1.139,0.003499,0.185397,0.007326,0.051282,-0.069985,2.718113
1.149,0.003499,0.18616,-0.021978,0.031746,-0.069985,2.699801
1.159,0.003499,0.186541,-0.007326,0.017094,-0.074778,2.69518
1.169,0.003403,0.186541,-0.007326,0.002442,-0.068069,2.704277
1.179,0.003499,0.186541,-0.007326,0.002442,-0.069985,2.71174
1.189,0.003499,0.186541,-0.007326,-0.002442,-0.069985,2.717682
1.199,0.003499,0.186923,-0.007326,0.002442,-0.074778,2.420648
1.209,0.003499,0.186923,-0.021978,0.002442,-0.074778,2.709498
1.219,0.003403,0.186923,-0.021978,0.002442,-0.063276,2.710718
1.229,0.003499,0.186923,-0.007326,0.021978,-0.069985,2.710317
1.239,0.003499,0.187686,0.007326,0.026862,-0.074778,2.677814
1.249,0.003499,0.188067,-0.007326,0.026862,-0.074778,2.372882
1.259,0.003499,0.188449,0.007326,0.017094,-0.074778,2.638562
1.269,0.003403,0.188449,-0.021978,0.002442,-0.063276,2.631818
1.279,0.003499,0.18883,0.007326,0.007326,-0.069985,2.608228
1.289,0.003403,0.18883,-0.021978,0.002442,-0.063276,2.598316
1.299,0.003499,0.189212,-0.007326,0.021978,-0.074778,2.285484
1.309,0.003499,0.189212,0.007326,0.002442,-0.069985,2.558506
1.319,0.003403,0.189593,-0.007326,-0.007326,-0.068069,2.528603
1.329,0.003499,0.189593,0.007326,-0.002442,-0.074778,2.512402
1.339,0.003499,0.189593,-0.007326,-0.002442,-0.069985,2.494601
1.349,0.003403,0.189593,-0.021978,-0.002442,-0.058472,2.475223
1.359,0.003499,0.189593,-0.007326,-0.002442,-0.069985,2.454316
1.369,0.003403,0.189593,-0.021978,-0.002442,-0.063276,2.431813
1.379,0.003403,0.189593,0.007326,-0.002442,-0.068069,2.407783
1.389,0.003308,0.189593,-0.007326,-0.002442,-0.056567,2.382186
1.399,0.003499,0.189593,-0.021978,-0.002442,-0.069985,2.35502
1.409,0.003499,0.189593,0.007326,-0.002442,-0.069985,2.326293
1.419,0.003499,0.189593,-0.007326,-0.002442,-0.069985,2.296072
1.429,0.003499,0.189593,-0.007326,-0.002442,-0.069985,2.264248
1.439,0.003499,0.189593,-0.007326,-0.002442,-0.069985,2.230939
1.449,0.003403,0.189593,-0.007326,-0.002442,-0.068069,2.196079
1.459,0.003499,0.189593,0.007326,-0.002442,-0.069985,2.159674
1.469,0.003499,0.189593,0.007326,-0.002442,-0.074778,2.121771
1.479,0.003403,0.189593,-0.007326,-0.002442,-0.063276,2.08233
1.489,0.003499,0.189593,-0.007326,-0.002442,-0.069985,2.041381
1.499,0.003499,0.189593,-0.007326,-0.002442,-0.069985,1.998926
1.509,0.003403,0.189593,-0.007326,-0.002442,-0.063276,1.954971
1.519,0.003403,0.189593,-0.007326,-0.002442,-0.068069,1.909544
1.529,0.003499,0.189593,0.007326,-0.002442,-0.074778,1.862582
1.539,0.003499,0.189593,0.007326,-0.002442,-0.074778,1.814207
1.549,0.003403,0.189593,0.007326,-0.002442,-0.063276,1.764331
1.559,0.003403,0.189593,-0.007326,-0.002442,-0.068069,1.712986
1.569,0.003499,0.189593,-0.021978,-0.002442,-0.074778,1.660153
1.579,0.003499,0.189212,-0.007326,-0.002442,-0.074778,1.907272
1.589,0.003308,0.189212,-0.021978,-0.007326,-0.056567,1.565484
1.599,0.003403,0.189212,-0.007326,-0.007326,-0.068069,1.508356
1.609,0.003403,0.189212,-0.021978,-0.002442,-0.063276,1.449793
1.619,0.003499,0.189212,0.007326,-0.007326,-0.069985,1.389802
1.629,0.003499,0.189212,0.007326,-0.002442,-0.069985,1.328461
1.639,0.003499,0.189212,-0.007326,-0.007326,-0.065181,1.265664
1.649,0.003499,0.189212,-0.021978,-0.007326,-0.069985,1.201533
1.659,0.003595,0.189212,0.021978,-0.007326,-0.076711,1.135939
1.669,0.003403,0.189212,0.021978,-0.002442,-0.063276,1.069075
1.679,0.003403,0.189212,-0.036631,-0.007326,-0.063276,1.000766
1.689,0.003403,0.189212,-0.007326,-0.007326,-0.068069,0.931182
1.699,0.003499,0.18883,-0.007326,-0.01221,-0.074778,0.875437
1.709,0.003499,0.188449,-0.007326,-0.065934,-0.074778,0.818442
1.719,0.003499,0.187686,0.007326,-0.065934,-0.07957,1.061438
1.729,0.003499,0.186923,-0.007326,-0.03663,-0.069985,0.731014
1.739,0.003499,0.185778,-0.007326,-0.051282,-0.074778,0.986708
1.749,0.003499,0.184634,-0.007326,-0.075702,-0.074778,0.955085
1.759,0.003499,0.182727,-0.021978,-0.065934,-0.069985,0.666596
1.769,0.003499,0.181582,-0.007326,-0.090354,-0.074778,0.632525
1.779,0.003403,0.180438,-0.021978,-0.075702,-0.063276,0.883235
1.789,0.003499,0.178912,-0.007326,-0.129426,-0.074778,0.575855
1.799,0.003499,0.177386,-0.007326,-0.070818,-0.069985,0.839445
1.809,0.003403,0.17586,-0.007326,-0.105006,-0.068069,0.815815
1.819,0.003499,0.174334,-0.007326,-0.105006,-0.069985,0.504867
1.829,0.003499,0.171664,0.007326,-0.114774,-0.069985,0.81078
1.839,0.003499,0.169757,-0.007326,-0.124542,-0.069985,0.798889
1.849,0.003499,0.167849,-0.007326,-0.144078,-0.074778,0.785937
1.859,0.003499,0.16556,0.007326,-0.139194,-0.069985,0.50099
1.869,0.003499,0.163653,0.007326,-0.148962,-0.069985,0.485884
1.879,0.003499,0.161363,-0.007326,-0.153846,-0.069985,0.771713
1.889,0.003499,0.159074,-0.007326,-0.148962,-0.074778,1.055095
1.899,0.003499,0.156786,-0.007326,-0.168498,-0.069985,0.479794
1.909,0.003499,0.154115,-0.007326,-0.168498,-0.069985,0.777066
1.919,0.003403,0.151827,-0.021978,-0.158731,-0.058472,0.771912
1.929,0.003403,0.148393,-0.007326,-0.168498,-0.063276,0.811606
1.939,0.003403,0.145723,-0.021978,-0.18315,-0.063276,0.81975
1.949,0.003499,0.143053,-0.007326,-0.178267,-0.074778,0.827011
1.959,0.003499,0.13962,-0.007326,-0.18315,-0.069985,0.863792
1.969,0.003499,0.136949,-0.021978,-0.158731,-0.069985,0.869163
1.979,0.003595,0.135042,0.007326,-0.148962,-0.076711,0.556929
1.989,0.003499,0.132753,-0.007326,-0.158731,-0.069985,0.83135
1.999,0.003499,0.130464,-0.007326,-0.163614,-0.074778,0.532567
2.009,0.003499,0.127794,-0.007326,-0.18315,-0.069985,0.8204
2.019,0.003499,0.125124,-0.007326,-0.158731,-0.069985,0.821307
2.029,0.003499,0.122453,-0.007326,-0.173382,-0.069985,0.821357
2.039,0.003499,0.119783,0.007326,-0.173382,-0.074778,0.820616
2.049,0.003403,0.117494,-0.021978,-0.168498,-0.063276,0.803771
2.059,0.003499,0.113298,0.007326,-0.18315,-0.069985,2.006845
2.069,0.003403,0.111009,0.007326,-0.163614,-0.063276,0.557987
2.079,0.003499,0.107958,-0.007326,-0.18315,-0.069985,0.855513
2.089,0.003308,0.105669,-0.021978,-0.158731,-0.061359,0.835638
2.099,0.003499,0.101473,0.007326,-0.144078,-0.074778,0.891427
2.109,0.003499,0.099184,-0.007326,-0.168498,-0.069985,0.870135
2.119,0.003499,0.096894,-0.007326,-0.153846,-0.069985,0.848238
2.129,0.003499,0.093079,-0.007326,-0.178267,-0.074778,0.886701
2.139,0.003403,0.091172,-0.007326,-0.105006,-0.063276,0.848184
2.149,0.003499,0.089646,0.007326,-0.148962,-0.069985,0.507679
2.159,0.003595,0.087739,-0.007326,-0.13431,-0.081503,0.467884
2.169,0.003403,0.085068,-0.007326,-0.153846,-0.063276,0.458031
2.179,0.003499,0.082398,-0.007326,-0.163614,-0.069985,0.733697
2.189,0.003499,0.080109,-0.007326,-0.173382,-0.069985,0.707461
2.199,0.003499,0.077058,-0.007326,-0.163614,-0.069985,0.711157
2.209,0.003499,0.074006,0.007326,-0.192918,-0.074778,0.714363
2.219,0.003403,0.071335,-0.021978,-0.202686,-0.063276,0.701808
2.229,0.003595,0.066376,-0.007326,-0.236875,-0.081503,2.210864
2.239,0.003499,0.062943,-0.007326,-0.202686,-0.07957,0.797465
2.249,0.003499,0.05951,0.007326,-0.236875,-0.074778,0.814072
2.259,0.003499,0.056077,-0.007326,-0.217339,-0.069985,0.830306
2.269,0.003308,0.052643,-0.021978,-0.192918,-0.056567,0.846124
2.279,0.003499,0.049592,-0.007326,-0.202686,-0.069985,0.846321
2.289,0.003499,0.046921,0.007326,-0.188034,-0.074778,0.830888
2.299,0.003403,0.043107,-0.007326,-0.217339,-0.063276,0.574831
2.309,0.003403,0.040436,-0.007326,-0.144078,-0.068069,0.844831
2.319,0.003499,0.037766,-0.007326,-0.173382,-0.069985,0.828433
2.329,0.003499,0.035095,-0.007326,-0.168498,-0.069985,0.811775
2.339,0.003403,0.031662,-0.007326,-0.192918,-0.063276,0.825349
2.349,0.003499,0.02861,0.007326,-0.18315,-0.069985,0.823413
2.359,0.003499,0.02594,0.007326,-0.202686,-0.07957,0.80598
2.369,0.003499,0.022888,-0.007326,-0.192918,-0.069985,0.803588
2.379,0.003403,0.019455,-0.021978,-0.202686,-0.063276,1.102411
2.389,0.003499,0.016403,-0.007326,-0.212454,-0.069985,0.813528
2.4,0.003403,0.013351,-0.007326,-0.18315,-0.068069,0.810664
2.41,0.003499,0.010299,0.007326,-0.222222,-0.069985,0.807615
2.42,0.003499,0.007248,-0.007326,-0.192918,-0.069985,0.804496
2.43,0.003499,0.004196,-0.007326,-0.217339,-0.074778,0.801282
2.44,0.003499,-0.000763,-0.007326,-0.18315,-0.069985,0.874335
2.45,0.003403,-0.003815,-0.007326,-0.217339,-0.063276,0.871022
2.46,0.003499,-0.006867,0.007326,-0.202686,-0.074778,0.867718
2.47,0.003499,-0.011444,-0.007326,-0.227106,-0.069985,0.92542
2.48,0.003403,-0.013733,-0.007326,-0.119658,-0.068069,0.605505
2.49,0.003595,-0.016022,0.007326,-0.148962,-0.076711,0.857773
2.5,0.003499,-0.018311,-0.007326,-0.153846,-0.065181,0.824015
2.51,0.003403,-0.022507,0.007326,-0.197803,-0.068069,0.866599
2.52,0.003499,-0.025559,-0.007326,-0.192918,-0.074778,0.863607
2.53,0.003499,-0.028611,-0.007326,-0.202686,-0.069985,0.860594
2.54,0.003403,-0.032045,-0.036631,-0.08547,-0.068069,0.586938
2.55,0.003499,-0.033952,-0.007326,-0.144078,-0.065181,0.824512
2.56,0.003595,-0.036241,-0.021978,-0.13431,-0.071907,0.79145
2.57,0.003403,-0.038911,-0.036631,-0.173382,-0.063276,1.059938
2.58,0.003308,-0.041963,-0.021978,-0.212454,-0.061359,0.771619
2.59,0.003499,-0.045015,0.007326,-0.173382,-0.074778,0.769687
2.6,0.003499,-0.048066,-0.007326,-0.222222,-0.069985,1.054114
2.61,0.003499,-0.0515,-0.007326,-0.197803,-0.069985,0.7818
2.62,0.003499,-0.054933,-0.007326,-0.227106,-0.069985,0.795938
2.63,0.003499,-0.058366,-0.007326,-0.222222,-0.069985,0.810365
2.64,0.003499,-0.063325,-0.007326,-0.236875,-0.065181,0.886185
2.65,0.003403,-0.065996,-0.007326,-0.139194,-0.072861,0.870788
2.66,0.003595,-0.069047,-0.007326,-0.20757,-0.067115,0.871119
2.67,0.003499,-0.071718,0.007326,-0.168498,-0.074778,0.856404
2.68,0.003403,-0.075532,-0.021978,-0.20757,-0.063276,0.887941
2.69,0.003499,-0.078584,-0.007326,-0.192918,-0.069985,0.889404
2.7,0.003499,-0.081636,-0.007326,-0.188034,-0.074778,0.891371
2.71,0.003403,-0.085069,-0.021978,-0.153846,-0.063276,0.908985
2.72,0.003499,-0.087739,-0.007326,-0.197803,-0.069985,0.896535
2.73,0.003499,-0.090411,-0.021978,-0.188034,-0.069985,0.884677
2.74,0.003499,-0.093081,-0.021978,-0.173382,-0.069985,0.587169
2.75,0.003499,-0.096133,-0.007326,-0.197803,-0.069985,0.877674
2.76,0.003499,-0.098803,-0.007326,-0.168498,-0.074778,0.867341
2.77,0.003403,-0.101473,-0.007326,-0.192918,-0.063276,0.857597
2.78,0.003499,-0.104525,-0.007326,-0.188034,-0.074778,0.863677
2.79,0.003595,-0.107577,0.021978,-0.202686,-0.076711,0.870433
2.8,0.003499,-0.110247,0.007326,-0.18315,-0.065181,0.862535
2.81,0.003499,-0.114825,-0.007326,-0.212454,-0.069985,0.931514
2.82,0.003308,-0.117495,-0.021978,-0.139194,-0.061359,0.924948
2.83,0.003691,-0.119784,0.021978,-0.18315,-0.078616,0.617629
2.84,0.003403,-0.122073,-0.021978,-0.148962,-0.063276,0.597168
2.85,0.003499,-0.126269,-0.007326,-0.168498,-0.069985,0.93986
2.86,0.003595,-0.128558,0.007326,-0.163614,-0.076711,0.920818
2.87,0.003499,-0.131228,-0.007326,-0.173382,-0.074778,0.917852
2.88,0.003403,-0.13428,-0.021978,-0.105006,-0.068069,0.644749
2.89,0.003499,-0.136568,-0.007326,-0.168498,-0.069985,0.628087
2.9,0.003499,-0.138857,-0.021978,-0.139194,-0.069985,0.612152
2.91,0.003499,-0.141909,-0.021978,-0.178267,-0.069985,1.199779
2.92,0.003499,-0.144579,-0.007326,-0.148962,-0.069985,0.914714
2.93,0.003499,-0.146868,-0.007326,-0.173382,-0.069985,0.901318
2.94,0.003499,-0.149538,-0.007326,-0.163614,-0.069985,0.904079
2.95,0.003499,-0.152973,-0.007326,-0.192918,-0.069985,0.938231
2.96,0.003499,-0.155643,-0.021978,-0.202686,-0.069985,0.942765
2.97,0.003499,-0.158695,-0.007326,-0.188034,-0.069985,0.963516
2.98,0.003499,-0.163272,-0.007326,-0.202686,-0.069985,1.046237
2.99,0.003499,-0.16518,-0.007326,-0.124542,-0.074778,0.737002
3.0,0.003499,-0.167468,-0.007326,-0.144078,-0.069985,0.73012
3.01,0.003499,-0.169757,-0.007326,-0.139194,-0.069985,1.010299
3.02,0.003499,-0.172427,-0.007326,-0.173382,-0.069985,1.020667
3.03,0.003499,-0.175098,0.007326,-0.168498,-0.074778,1.031996
3.04,0.003499,-0.177387,-0.007326,-0.158731,-0.074778,1.029171
3.05,0.003499,-0.180438,-0.007326,-0.119658,-0.069985,1.0579
3.06,0.003499,-0.182727,-0.021978,-0.148962,-0.069985,1.057119
3.07,0.003403,-0.184635,-0.007326,-0.148962,-0.063276,0.756079
3.08,0.003403,-0.188068,-0.021978,-0.168498,-0.063276,1.661612
3.09,0.003499,-0.190357,-0.007326,-0.158731,-0.069985,1.091916
3.1,0.003403,-0.192645,-0.021978,-0.168498,-0.063276,1.095534
3.11,0.003499,-0.195316,-0.007326,-0.148962,-0.069985,1.115585
3.12,0.003499,-0.19913,-0.007326,-0.148962,-0.069985,1.18257
3.13,0.003499,-0.201038,-0.007326,-0.148962,-0.069985,1.174466
3.14,0.003499,-0.203327,-0.007326,-0.148962,-0.069985,1.182743
3.15,0.003499,-0.205615,-0.007326,-0.148962,-0.074778,1.192243
3.16,0.003499,-0.207904,-0.021978,-0.153846,-0.074778,1.202936
3.17,0.003403,-0.209812,-0.007326,-0.129426,-0.063276,1.19958
3.18,0.003499,-0.211719,-0.007326,-0.129426,-0.074778,1.197437
3.19,0.003403,-0.213245,-0.021978,-0.10989,-0.063276,1.181306
3.2,0.003595,-0.215153,0.007326,-0.129426,-0.076711,0.895523
3.21,0.003499,-0.21706,-0.007326,-0.114774,-0.074778,1.183211
3.22,0.003403,-0.219731,-0.007326,-0.08547,-0.063276,0.930534
3.23,0.003499,-0.221257,0.007326,-0.080586,-0.074778,1.205521
3.24,0.003499,-0.222401,-0.007326,-0.095238,-0.069985,0.89433
3.25,0.003499,-0.224308,0.007326,-0.124542,-0.069985,1.759404
3.26,0.003499,-0.225834,0.007326,-0.08547,-0.069985,0.893935
3.27,0.003499,-0.227742,-0.021978,-0.105006,-0.074778,1.18942
3.28,0.003499,-0.229649,-0.021978,-0.13431,-0.069985,1.200142
3.29,0.003403,-0.231938,-0.021978,-0.100122,-0.063276,0.941389
3.3,0.003499,-0.233845,-0.007326,-0.124542,-0.074778,1.240993
3.31,0.003403,-0.234989,-0.021978,-0.08547,-0.063276,0.939158
3.32,0.003499,-0.236515,-0.007326,-0.080586,-0.069985,1.226258
3.33,0.003499,-0.238041,-0.007326,-0.100122,-0.065181,1.228558
3.34,0.003403,-0.239186,0.007326,-0.095238,-0.072861,0.930948
3.35,0.003308,-0.240712,-0.021978,-0.075702,-0.061359,0.936066
3.36,0.003403,-0.242237,-0.021978,-0.070818,-0.063276,1.228758
3.37,0.003499,-0.243,0.007326,-0.06105,-0.074778,1.206163
3.38,0.003499,-0.243763,-0.021978,-0.070818,-0.065181,0.898949
3.39,0.003499,-0.244908,0.007326,-0.051282,-0.069985,0.894497
3.4,0.003403,-0.245671,-0.021978,-0.080586,-0.063276,0.876285
3.41,0.003403,-0.246815,-0.007326,-0.065934,-0.063276,0.874751
3.42,0.003403,-0.247578,-0.007326,-0.06105,-0.068069,0.859383
3.43,0.003499,-0.248722,0.007326,-0.090354,-0.069985,0.860807
3.44,0.003499,-0.249867,0.007326,-0.08547,-0.069985,0.863681
3.45,0.003499,-0.251011,-0.007326,-0.070818,-0.069985,0.868058
3.46,0.003403,-0.252537,-0.007326,-0.090354,-0.063276,1.175262
3.47,0.003499,-0.253681,0.007326,-0.090354,-0.074778,0.896527
3.48,0.003499,-0.254826,0.007326,-0.06105,-0.069985,0.905374
3.49,0.003499,-0.255589,-0.007326,-0.026862,-0.069985,0.900543
3.5,0.003499,-0.25597,-0.007326,-0.026862,-0.069985,0.881888
3.51,0.003308,-0.256352,-0.036631,-0.01221,-0.061359,0.864772
3.52,0.003499,-0.256733,-0.007326,-0.041514,-0.069985,0.849191
3.53,0.003499,-0.257496,-0.007326,-0.01221,-0.074778,0.850423
3.54,0.003499,-0.257878,-0.007326,-0.06105,-0.069985,0.837859
3.55,0.003499,-0.258259,0.007326,-0.007326,-0.074778,0.826815
3.56,0.003403,-0.259022,-0.021978,-0.080586,-0.063276,0.832639
3.57,0.003499,-0.260166,0.007326,-0.070818,-0.069985,1.141363
3.58,0.003403,-0.260929,-0.007326,-0.075702,-0.072861,1.150266
3.59,0.003403,-0.262074,-0.021978,-0.002442,-0.068069,1.176022
3.6,0.003499,-0.262455,-0.021978,-0.03663,-0.069985,1.172807
3.61,0.003499,-0.262837,-0.021978,-0.021978,-0.065181,0.884995
3.62,0.003499,-0.262837,0.007326,-0.026862,-0.074778,0.869662
3.63,0.003499,-0.263981,-0.007326,-0.046398,-0.069985,0.901623
3.64,0.003403,-0.264744,-0.021978,-0.06105,-0.068069,1.206084
3.65,0.003499,-0.265507,-0.007326,-0.065934,-0.074778,1.225968
3.66,0.003403,-0.26627,0.007326,-0.041514,-0.068069,0.96137
3.67,0.003499,-0.266651,-0.007326,-0.002442,-0.069985,0.969145
3.68,0.003499,-0.266651,0.007326,-0.002442,-0.069985,0.963224
3.69,0.003499,-0.266651,-0.007326,-0.002442,-0.069985,0.958964
3.7,0.003403,-0.266651,-0.007326,-0.002442,-0.068069,0.956271
3.71,0.003403,-0.266651,-0.007326,-0.002442,-0.063276,0.955059
3.72,0.003308,-0.266651,-0.021978,-0.002442,-0.061359,0.955514
3.73,0.003499,-0.266651,-0.007326,-0.002442,-0.074778,0.957542
3.74,0.003499,-0.266651,-0.007326,-0.002442,-0.069985,0.961102
3.75,0.003403,-0.266651,-0.021978,-0.002442,-0.063276,0.966287
3.76,0.003403,-0.266651,-0.007326,-0.002442,-0.063276,0.972957
3.77,0.003499,-0.266651,-0.007326,-0.002442,-0.074778,0.981301
3.78,0.003403,-0.266651,-0.021978,-0.002442,-0.068069,0.991223
3.79,0.003499,-0.266651,0.007326,-0.002442,-0.069985,1.002635
3.8,0.003499,-0.266651,0.007326,-0.002442,-0.074778,1.015766
3.81,0.003499,-0.266651,0.007326,-0.002442,-0.069985,1.030339
3.82,0.003499,-0.266651,-0.007326,-0.002442,-0.069985,1.046538
3.83,0.003403,-0.266651,-0.021978,-0.002442,-0.063276,1.064361
3.84,0.003403,-0.266651,-0.007326,-0.002442,-0.068069,1.083671
3.85,0.003499,-0.266651,0.007326,-0.002442,-0.074778,1.104557
3.86,0.003499,-0.266651,0.007326,-0.002442,-0.074778,1.127064
3.87,0.003499,-0.266651,-0.007326,-0.002442,-0.069985,1.151099
3.88,0.003499,-0.266651,0.007326,-0.002442,-0.074778,1.176706
3.89,0.003403,-0.266651,-0.007326,-0.002442,-0.068069,1.203836
3.9,0.003499,-0.266651,-0.007326,-0.002442,-0.074778,1.232624
3.91,0.003499,-0.266651,-0.007326,-0.002442,-0.074778,1.262839
3.92,0.003499,-0.266651,-0.007326,-0.002442,-0.069985,1.294661
3.93,0.003499,-0.266651,-0.007326,-0.002442,-0.069985,1.328041
3.94,0.003403,-0.266651,-0.007326,-0.002442,-0.063276,1.362928
3.95,0.003499,-0.266651,-0.007326,-0.002442,-0.074778,1.399321
3.96,0.003403,-0.266651,-0.021978,-0.002442,-0.063276,1.437307
3.97,0.003403,-0.266651,-0.021978,-0.002442,-0.063276,1.476743
3.98,0.003499,-0.266651,-0.021978,-0.002442,-0.069985,1.517761
3.99,0.003403,-0.266651,-0.007326,-0.002442,-0.068069,1.560223
4.0,0.003403,-0.266651,-0.021978,-0.002442,-0.068069,1.604256
4.01,0.003499,-0.266651,-0.007326,-0.002442,-0.074778,1.649719
4.02,0.003499,-0.266651,-0.007326,0.002442,-0.074778,1.696697
4.03,0.003403,-0.266651,-0.021978,-0.002442,-0.068069,1.745189
4.04,0.003403,-0.266651,-0.007326,-0.002442,-0.068069,1.795184
4.05,0.003403,-0.266651,-0.021978,-0.002442,-0.063276,1.846586
4.06,0.003403,-0.266651,-0.021978,-0.002442,-0.063276,1.899485
4.07,0.003499,-0.266651,0.007326,-0.002442,-0.074778,1.953866
4.08,0.003403,-0.266651,-0.021978,-0.002442,-0.063276,2.009637
4.09,0.003499,-0.266651,0.007326,0.002442,-0.069985,2.066882
4.1,0.003499,-0.26627,0.007326,-0.002442,-0.074778,1.824274
4.11,0.003403,-0.26627,-0.007326,-0.002442,-0.063276,2.170443
4.12,0.003499,-0.26627,-0.007326,0.002442,-0.069985,2.23196
4.13,0.003499,-0.26627,-0.007326,0.002442,-0.074778,2.294872
4.14,0.003499,-0.26627,0.007326,-0.002442,-0.074778,2.359173
4.15,0.003308,-0.26627,-0.021978,0.002442,-0.056567,2.4249
4.16,0.003499,-0.26627,0.007326,0.002442,-0.07957,2.492042
4.17,0.003308,-0.26627,-0.007326,0.002442,-0.056567,2.560455
4.18,0.003403,-0.26627,-0.007326,0.002442,-0.068069,2.630312
4.19,0.003499,-0.26627,-0.007326,0.007326,-0.069985,2.701421
4.2,0.003403,-0.265889,-0.007326,0.01221,-0.068069,2.758737
4.21,0.003403,-0.265507,-0.007326,0.046398,-0.063276,2.817278
4.22,0.003403,-0.265126,-0.007326,0.01221,-0.063276,2.877126
4.23,0.003499,-0.264744,-0.021978,0.031746,-0.074778,2.652308
4.24,0.003499,-0.264363,-0.007326,0.017094,-0.074778,3.000745
4.25,0.003499,-0.2636,-0.007326,0.056166,-0.069985,2.76313
4.26,0.003499,-0.263218,-0.007326,-0.002442,-0.069985,3.114281
4.27,0.003403,-0.262837,-0.007326,0.041514,-0.063276,2.89444
4.28,0.003403,-0.262074,-0.007326,0.031746,-0.068069,3.232781
4.29,0.003499,-0.261311,-0.007326,0.046398,-0.074778,3.286285
4.3,0.003403,-0.260548,-0.021978,0.056166,-0.068069,3.34091
4.31,0.003499,-0.259404,0.007326,0.021978,-0.074778,3.38147
4.32,0.003499,-0.258641,-0.007326,0.06105,-0.074778,3.438562
4.33,0.003403,-0.257496,-0.021978,0.056166,-0.068069,3.481471
4.34,0.003403,-0.255207,-0.007326,0.13431,-0.068069,3.193655
4.35,0.003595,-0.253681,0.021978,0.08547,-0.076711,3.509768
4.36,0.003499,-0.251774,0.007326,0.114774,-0.074778,3.525501
4.37,0.003403,-0.249485,-0.007326,0.119658,-0.068069,3.241018
4.38,0.003499,-0.246815,0.007326,0.144078,-0.074778,3.228493
4.39,0.003499,-0.244145,-0.007326,0.168498,-0.069985,3.21694
4.4,0.003403,-0.241474,-0.021978,0.173382,-0.063276,3.206482
4.41,0.003499,-0.238423,0.007326,0.13431,-0.069985,3.181834
4.42,0.003499,-0.235371,-0.007326,0.188034,-0.074778,3.158059
4.43,0.003499,-0.232701,-0.021978,0.202686,-0.074778,3.150589
4.44,0.003403,-0.228886,-0.007326,0.197803,-0.068069,2.812125
4.45,0.003403,-0.225453,-0.021978,0.188034,-0.063276,3.062259
4.46,0.003499,-0.222782,-0.007326,0.178267,-0.07957,3.057584
4.47,0.003403,-0.219731,-0.007326,0.192918,-0.063276,3.038635
4.48,0.003403,-0.215535,-0.007326,0.197803,-0.072861,2.688718
4.49,0.003403,-0.212482,-0.007326,0.197803,-0.063276,2.957547
4.5,0.003499,-0.209812,-0.021978,0.163614,-0.069985,2.956511
4.51,0.003308,-0.206378,-0.036631,0.144078,-0.061359,2.925882
4.52,0.003499,-0.204089,-0.007326,0.144078,-0.074778,2.94176
4.53,0.003403,-0.201801,-0.021978,0.139194,-0.063276,2.958545
4.54,0.003499,-0.199893,0.007326,0.129426,-0.074778,3.277582
4.55,0.003403,-0.197604,-0.021978,0.158731,-0.063276,3.009804
4.56,0.003403,-0.195697,-0.007326,0.129426,-0.063276,3.3304
4.57,0.003403,-0.19379,-0.021978,0.129426,-0.063276,3.365742
4.58,0.003403,-0.191882,-0.007326,0.10989,-0.068069,3.115585
4.59,0.003499,-0.190357,0.007326,0.095238,-0.074778,3.167613
4.6,0.003499,-0.188449,-0.007326,0.124542,-0.069985,3.205232
4.61,0.003499,-0.185016,-0.007326,0.173382,-0.069985,2.324054
4.62,0.003403,-0.182727,-0.007326,0.153846,-0.068069,3.206004
4.63,0.003499,-0.180057,0.007326,0.153846,-0.069985,3.215123
4.64,0.003499,-0.177768,-0.021978,0.173382,-0.069985,3.240038
4.65,0.003403,-0.173572,-0.007326,0.148962,-0.063276,3.189294
4.66,0.003403,-0.171283,-0.007326,0.197803,-0.068069,3.215566
4.67,0.003403,-0.168231,-0.021978,0.18315,-0.068069,3.211796
4.68,0.003403,-0.163654,0.007326,0.227106,-0.063276,3.147481
4.69,0.003499,-0.160983,0.007326,0.139194,-0.069985,3.160111
4.7,0.003403,-0.158313,-0.021978,0.168498,-0.072861,3.173352
4.71,0.003308,-0.156024,-0.007326,0.158731,-0.061359,3.202218
4.72,0.003403,-0.151447,-0.007326,0.202686,-0.072861,3.140032
4.73,0.003499,-0.148394,-0.007326,0.20757,-0.069985,3.139475
4.74,0.003403,-0.145342,-0.007326,0.20757,-0.063276,3.139164
4.75,0.003499,-0.141146,0.007326,0.119658,-0.069985,3.093669
4.76,0.003499,-0.138476,0.007326,0.188034,-0.074778,3.109648
4.77,0.003499,-0.135805,0.007326,0.178267,-0.074778,3.12588
4.78,0.003499,-0.132372,-0.021978,0.212454,-0.074778,2.539854
4.79,0.003499,-0.12932,-0.007326,0.192918,-0.074778,3.114007
4.8,0.003499,-0.126269,0.021978,0.178267,-0.074778,2.829951
4.81,0.003403,-0.123217,-0.007326,0.192918,-0.068069,3.1185
4.82,0.003499,-0.119784,-0.021978,0.192918,-0.069985,3.106105
4.83,0.003499,-0.11635,-0.021978,0.217339,-0.069985,3.093832
4.84,0.003595,-0.113299,0.007326,0.188034,-0.076711,3.097159
4.85,0.003499,-0.109865,-0.007326,0.188034,-0.074778,3.371644
4.86,0.003403,-0.107577,-0.021978,0.119658,-0.068069,3.405833
4.87,0.003499,-0.105288,-0.007326,0.13431,-0.074778,3.154269
4.88,0.003499,-0.102618,-0.007326,0.168498,-0.074778,3.173822
4.89,0.003499,-0.099947,-0.007326,0.173382,-0.069985,3.193397
4.9,0.003403,-0.097277,-0.021978,0.188034,-0.063276,3.213207
4.91,0.003499,-0.094607,-0.007326,0.153846,-0.069985,3.233227
4.92,0.003403,-0.091936,-0.007326,0.173382,-0.063276,3.253304
4.93,0.003403,-0.088885,-0.007326,0.18315,-0.068069,3.258104
4.94,0.003403,-0.085832,-0.007326,0.222222,-0.063276,2.976919
4.95,0.003499,-0.080491,-0.007326,0.222222,-0.074778,1.746069
4.96,0.003403,-0.077058,-0.021978,0.202686,-0.063276,3.166173
4.97,0.003499,-0.073625,0.007326,0.217339,-0.069985,3.155939
4.98,0.003403,-0.070192,-0.007326,0.222222,-0.068069,3.145721
4.99,0.003499,-0.064851,-0.007326,0.20757,-0.074778,3.058994
5.0,0.003499,-0.061799,-0.007326,0.212454,-0.074778,3.063878
5.01,0.003403,-0.058748,-0.007326,0.18315,-0.068069,3.068766
5.02,0.003499,-0.05417,0.007326,0.188034,-0.069985,3.0123
5.03,0.003499,-0.051881,-0.007326,0.163614,-0.069985,3.047394
5.039,0.003403,-0.049592,-0.007326,0.144078,-0.068069,3.368546
5.049,0.003403,-0.047303,-0.007326,0.153846,-0.063276,3.403311
5.059,0.003499,-0.043489,-0.007326,0.124542,-0.069985,3.090818
5.069,0.003499,-0.0412,0.007326,0.144078,-0.069985,3.125408
5.079,0.003499,-0.038911,-0.007326,0.163614,-0.074778,3.159606
5.089,0.003499,-0.035859,-0.007326,0.148962,-0.069985,3.163143
5.099,0.003403,-0.032808,-0.007326,0.178267,-0.072861,3.166551
5.109,0.003499,-0.030137,0.007326,0.188034,-0.074778,3.184757
5.119,0.003403,-0.026704,-0.021978,0.178267,-0.063276,2.886162
5.129,0.003403,-0.023651,-0.007326,0.212454,-0.068069,3.17475
5.139,0.003499,-0.0206,-0.007326,0.212454,-0.065181,3.176771
5.149,0.003499,-0.016785,0.007326,0.236875,-0.074778,3.148021
5.159,0.003403,-0.012207,-0.021978,0.236875,-0.063276,3.08846
5.169,0.003403,-0.008774,-0.007326,0.227106,-0.063276,3.074193
5.179,0.003403,-0.004959,0.007326,0.246642,-0.068069,3.044117
5.189,0.003403,0.000763,-0.007326,0.275947,-0.063276,2.937443
5.199,0.003595,0.003433,0.007326,0.158731,-0.076711,2.952417
5.209,0.003403,0.006485,0.007326,0.188034,-0.072861,2.951497
5.219,0.003403,0.009536,0.007326,0.197803,-0.068069,2.95022
5.229,0.003403,0.013351,-0.007326,0.20757,-0.063276,2.917982
5.239,0.003403,0.016784,-0.021978,0.20757,-0.068069,2.900298
5.249,0.003403,0.019836,-0.021978,0.192918,-0.063276,2.89741
5.259,0.003403,0.023651,-0.007326,0.124542,-0.068069,2.863557
5.269,0.003308,0.026321,-0.021978,0.188034,-0.061359,2.874724
5.279,0.003308,0.028991,-0.021978,0.192918,-0.056567,2.88538
5.289,0.003499,0.032425,0.007326,0.18315,-0.069985,2.578895
5.299,0.003499,0.035476,-0.007326,0.173382,-0.074778,2.859056
5.309,0.003403,0.037766,-0.007326,0.153846,-0.063276,2.88305
5.319,0.003403,0.040436,-0.007326,0.173382,-0.063276,2.891261
5.329,0.003403,0.043107,-0.007326,0.153846,-0.068069,2.898587
5.339,0.003403,0.045777,0.007326,0.168498,-0.068069,2.905335
5.349,0.003403,0.048447,-0.021978,0.173382,-0.068069,2.911437
5.359,0.003403,0.051118,0.007326,0.188034,-0.068069,2.916668
5.369,0.003403,0.053788,-0.007326,0.178267,-0.068069,2.921196
5.379,0.003403,0.056458,-0.021978,0.163614,-0.068069,2.925042
5.389,0.003403,0.059891,-0.007326,0.212454,-0.072861,2.611318
5.399,0.003499,0.064851,-0.007326,0.168498,-0.069985,2.808003
5.409,0.003308,0.068284,-0.007326,0.227106,-0.061359,2.778852
5.419,0.003308,0.070954,-0.007326,0.173382,-0.066152,2.779305
5.429,0.003403,0.074769,-0.007326,0.119658,-0.063276,2.733037
5.439,0.003308,0.077058,-0.021978,0.178267,-0.061359,3.033097
5.449,0.003308,0.079346,-0.021978,0.148962,-0.056567,3.046234
5.459,0.003403,0.083161,-0.007326,0.192918,-0.068069,1.852886
5.469,0.003403,0.085831,-0.007326,0.124542,-0.072861,2.707195
5.479,0.003403,0.087739,-0.021978,0.158731,-0.068069,3.01895
5.489,0.003403,0.090028,-0.007326,0.129426,-0.063276,2.742108
5.499,0.003403,0.093461,-0.007326,0.144078,-0.068069,2.704721
5.509,0.003403,0.096131,-0.007326,0.173382,-0.068069,2.696898
5.519,0.003499,0.098801,-0.007326,0.168498,-0.074778,2.687951
5.529,0.003403,0.101473,-0.007326,0.129426,-0.068069,2.964113
5.539,0.003499,0.10338,0.007326,0.10989,-0.074778,2.697679
5.549,0.003308,0.105287,-0.007326,0.139194,-0.061359,2.716191
5.559,0.003403,0.107195,0.007326,0.139194,-0.068069,2.733689
5.569,0.003499,0.110246,0.007326,0.173382,-0.07957,2.704408
5.579,0.003403,0.112535,-0.021978,0.148962,-0.068069,2.704429
5.589,0.003499,0.114824,0.007326,0.153846,-0.074778,2.703402
5.599,0.003403,0.117876,-0.007326,0.100122,-0.068069,2.670811
5.609,0.003403,0.119783,-0.036631,0.13431,-0.068069,2.682714
5.619,0.003308,0.12169,-0.021978,0.114774,-0.056567,2.979655
5.629,0.003403,0.124361,-0.007326,0.13431,-0.072861,2.386669
5.639,0.003308,0.12665,-0.021978,0.158731,-0.061359,2.665937
5.649,0.003403,0.128938,-0.007326,0.148962,-0.063276,2.944068
5.659,0.003499,0.131609,-0.007326,0.173382,-0.069985,2.633629
5.669,0.003403,0.135042,0.007326,0.100122,-0.072861,2.577479
5.679,0.003499,0.136949,-0.021978,0.129426,-0.069985,2.581023
5.689,0.003308,0.139238,-0.007326,0.148962,-0.061359,2.568188
5.699,0.003403,0.141527,-0.007326,0.144078,-0.068069,2.840225
5.709,0.003499,0.144579,0.007326,0.178267,-0.074778,2.508129
5.719,0.003403,0.146867,-0.007326,0.13431,-0.068069,2.491443
5.729,0.003499,0.148775,-0.007326,0.13431,-0.074778,2.77492
5.739,0.003403,0.150682,-0.021978,0.119658,-0.063276,2.770862
5.749,0.003403,0.15259,0.007326,0.090354,-0.072861,2.479441
5.759,0.003308,0.154115,-0.007326,0.10989,-0.061359,2.774234
5.769,0.003499,0.156404,-0.007326,0.041514,-0.074778,2.464859
5.779,0.003499,0.15793,0.007326,0.10989,-0.074778,2.470807
5.789,0.003403,0.159074,-0.021978,0.100122,-0.068069,2.776838
5.799,0.003308,0.161746,-0.007326,0.163614,-0.056567,1.875193
5.809,0.003403,0.163653,0.007326,0.065934,-0.068069,2.434721
5.819,0.003308,0.165179,-0.007326,0.100122,-0.066152,2.43527
5.829,0.003499,0.166705,-0.007326,0.095238,-0.07957,2.434332
5.839,0.003403,0.168231,-0.007326,0.06105,-0.068069,2.718136
5.849,0.003403,0.169375,-0.007326,0.031746,-0.068069,2.729706
5.859,0.003499,0.170138,0.007326,0.056166,-0.074778,2.755078
5.869,0.003403,0.171664,-0.007326,0.06105,-0.072861,2.462449
5.879,0.003499,0.172427,-0.007326,0.090354,-0.07957,2.771143
5.889,0.003499,0.173571,-0.007326,0.070818,-0.07957,2.776986
5.899,0.003499,0.174716,-0.021978,0.08547,-0.069985,2.781371
5.909,0.003403,0.17586,0.007326,0.051282,-0.068069,2.784378
5.919,0.003499,0.177005,-0.007326,0.090354,-0.069985,2.785839
5.929,0.003403,0.17853,-0.007326,0.070818,-0.072861,2.48452
5.939,0.003403,0.180056,-0.007326,0.070818,-0.068069,2.753927
5.949,0.003308,0.180819,-0.021978,0.08547,-0.061359,2.766245
5.959,0.003403,0.181964,-0.021978,0.065934,-0.063276,2.761771
5.969,0.003308,0.18349,-0.007326,0.090354,-0.061359,2.454466
5.979,0.003499,0.184634,-0.007326,0.070818,-0.074778,2.733158
5.989,0.003403,0.185778,-0.007326,0.070818,-0.068069,2.724166
5.999,0.003308,0.186541,-0.021978,0.065934,-0.066152,2.728922
6.009,0.003403,0.186923,-0.007326,0.021978,-0.068069,2.747465
6.019,0.003308,0.187686,-0.007326,0.031746,-0.061359,2.749182
6.029,0.003403,0.188449,-0.007326,0.065934,-0.068069,2.749391
6.039,0.003403,0.189593,-0.007326,0.065934,-0.068069,2.732822
6.049,0.003499,0.190356,0.007326,0.051282,-0.074778,2.729917
6.059,0.003499,0.191119,0.007326,0.070818,-0.074778,2.725509
6.069,0.003403,0.192263,-0.007326,0.080586,-0.068069,2.704259
6.079,0.003499,0.193408,-0.007326,0.041514,-0.07957,2.681436
6.089,0.003499,0.194552,0.007326,0.06105,-0.07957,2.657086
6.099,0.003403,0.195315,-0.007326,0.026862,-0.063276,2.6464
6.109,0.003403,0.196841,-0.007326,0.051282,-0.072861,2.317535
6.119,0.003403,0.196841,-0.007326,0.002442,-0.063276,2.620331
6.129,0.003499,0.197222,-0.007326,0.017094,-0.074778,2.620212
6.139,0.003403,0.197604,-0.007326,0.017094,-0.068069,2.332394
6.149,0.003403,0.197985,-0.007326,0.01221,-0.068069,2.615238
6.159,0.003499,0.197985,0.007326,0.002442,-0.074778,2.625677
6.169,0.003403,0.197985,-0.007326,-0.002442,-0.068069,2.634486
6.179,0.003403,0.197985,-0.007326,0.007326,-0.068069,2.641778
6.189,0.003403,0.198367,-0.021978,0.031746,-0.063276,2.632236
6.199,0.003499,0.198748,-0.007326,0.002442,-0.074778,2.621073
6.209,0.003403,0.198748,-0.007326,-0.002442,-0.072861,2.623619
6.219,0.003403,0.198748,-0.007326,-0.002442,-0.072861,2.624568
6.229,0.003499,0.198748,-0.007326,-0.002442,-0.074778,2.623966
6.239,0.003403,0.198748,-0.007326,-0.002442,-0.068069,2.621741
6.249,0.003403,0.198748,-0.021978,-0.002442,-0.068069,2.617962
6.259,0.003308,0.198748,-0.021978,-0.002442,-0.061359,2.61265
6.269,0.003403,0.198748,-0.007326,-0.002442,-0.072861,2.60569
6.279,0.003499,0.198748,0.007326,-0.002442,-0.074778,2.597172
6.289,0.003499,0.198748,-0.007326,-0.002442,-0.069985,2.587074
6.299,0.003308,0.198748,-0.007326,-0.002442,-0.061359,2.575419
6.309,0.003308,0.198748,-0.021978,-0.002442,-0.061359,2.562185
6.319,0.003403,0.198748,-0.021978,-0.002442,-0.072861,2.54737
6.329,0.003308,0.198748,-0.007326,-0.002442,-0.061359,2.530977
6.339,0.003308,0.198748,-0.007326,-0.002442,-0.056567,2.513006
6.349,0.003308,0.198748,-0.007326,-0.002442,-0.066152,2.49346
6.359,0.003499,0.198748,0.007326,-0.002442,-0.074778,2.472384
6.369,0.003403,0.198748,0.007326,-0.002442,-0.063276,2.449734
6.379,0.003403,0.198748,-0.007326,-0.002442,-0.063276,2.425538
6.389,0.003403,0.198748,-0.007326,-0.002442,-0.068069,2.399725
6.399,0.003308,0.198748,-0.036631,-0.002442,-0.061359,2.372438
6.409,0.003308,0.198748,-0.021978,-0.002442,-0.061359,2.343565
6.419,0.003403,0.198748,-0.007326,-0.002442,-0.068069,2.313153
6.429,0.003308,0.198748,-0.021978,-0.002442,-0.066152,2.28114
6.439,0.003403,0.198748,-0.007326,-0.002442,-0.068069,2.247687
6.449,0.003308,0.198748,-0.007326,-0.002442,-0.066152,2.212637
6.459,0.003403,0.198748,0.007326,-0.002442,-0.068069,2.176086
6.469,0.003499,0.198748,-0.007326,-0.002442,-0.074778,2.137994
6.479,0.003499,0.198748,-0.007326,-0.002442,-0.074778,2.098387
6.489,0.003403,0.198748,-0.007326,-0.002442,-0.072861,2.057248
6.499,0.003499,0.198748,0.007326,-0.002442,-0.069985,2.014673
6.509,0.003499,0.198748,0.007326,-0.002442,-0.074778,1.970573
6.519,0.003308,0.198748,-0.021978,-0.002442,-0.056567,1.924956
6.529,0.003308,0.198748,-0.007326,-0.002442,-0.061359,1.877852
6.539,0.003403,0.198748,-0.007326,-0.002442,-0.068069,1.829286
6.549,0.003308,0.198748,-0.021978,-0.002442,-0.061359,1.779155
6.559,0.003403,0.198748,-0.007326,-0.002442,-0.068069,1.727665
6.569,0.003403,0.198748,-0.007326,-0.002442,-0.068069,1.674761
6.579,0.003403,0.198748,-0.007326,-0.002442,-0.068069,1.620328
6.589,0.003403,0.198748,-0.007326,-0.002442,-0.068069,1.564468
6.599,0.003499,0.198748,-0.007326,-0.002442,-0.074778,1.507167
6.609,0.003403,0.198748,-0.007326,-0.007326,-0.068069,1.448453
6.619,0.003403,0.198748,-0.007326,-0.007326,-0.072861,1.388221
6.629,0.003403,0.198748,-0.007326,-0.002442,-0.068069,1.326778
6.639,0.003403,0.198748,-0.007326,-0.007326,-0.068069,1.263808
6.649,0.003403,0.198748,-0.007326,-0.007326,-0.068069,1.199503
6.659,0.003403,0.198748,-0.021978,-0.007326,-0.068069,1.133759
6.669,0.003403,0.198748,-0.007326,-0.007326,-0.068069,1.066675
6.679,0.003403,0.198748,0.007326,-0.007326,-0.068069,0.998127
6.689,0.003499,0.198748,-0.007326,-0.002442,-0.074778,0.928442
6.699,0.003499,0.198748,-0.007326,-0.007326,-0.069985,0.857329
6.709,0.003403,0.198367,-0.007326,-0.002442,-0.063276,0.80011
6.719,0.003499,0.198367,-0.007326,-0.007326,-0.074778,0.72632
6.729,0.003308,0.198367,-0.036631,-0.007326,-0.061359,0.651227
6.739,0.003403,0.198367,-0.007326,-0.01221,-0.068069,0.574751
6.749,0.003499,0.197985,-0.007326,-0.051282,-0.074778,0.512462
6.759,0.003403,0.196841,-0.007326,-0.075702,-0.063276,0.47932
6.769,0.003308,0.195315,-0.021978,-0.105006,-0.061359,0.746303
6.779,0.003308,0.193789,-0.007326,-0.124542,-0.056567,0.439842
6.789,0.003403,0.191882,-0.007326,-0.124542,-0.068069,0.719688
6.799,0.003403,0.189593,-0.021978,-0.168498,-0.068069,0.727368
6.809,0.003499,0.187304,-0.007326,-0.163614,-0.074778,0.733993
6.819,0.003403,0.18349,-0.007326,-0.18315,-0.068069,1.658929
6.829,0.003403,0.181201,-0.007326,-0.148962,-0.068069,0.518902
6.839,0.003403,0.17853,0.007326,-0.178267,-0.072861,0.823513
6.849,0.003308,0.176242,-0.021978,-0.144078,-0.061359,0.82567
6.859,0.003403,0.172808,-0.007326,-0.139194,-0.063276,0.872489
6.869,0.003308,0.170901,-0.021978,-0.124542,-0.061359,0.857072
6.879,0.003308,0.168994,-0.007326,-0.129426,-0.056567,0.840821
6.889,0.003403,0.166323,-0.007326,-0.13431,-0.068069,0.853924
6.899,0.003403,0.164416,-0.007326,-0.119658,-0.068069,0.835435
6.909,0.003403,0.162509,-0.021978,-0.13431,-0.068069,0.529821
6.919,0.003308,0.1606,-0.021978,-0.119658,-0.056567,0.509337
6.929,0.003308,0.157167,-0.007326,-0.124542,-0.066152,0.834799
6.939,0.003499,0.15526,0.007326,-0.129426,-0.074778,0.812444
6.949,0.003403,0.153352,-0.007326,-0.13431,-0.068069,0.788983
6.959,0.003403,0.150682,0.007326,-0.119658,-0.068069,0.79505
6.969,0.003499,0.148393,-0.007326,-0.163614,-0.074778,0.784952
6.979,0.003403,0.146105,-0.007326,-0.153846,-0.068069,0.773895
6.989,0.003403,0.14229,-0.007326,-0.178267,-0.068069,1.967272
6.999,0.003403,0.13962,0.007326,-0.168498,-0.068069,0.825433
7.009,0.003499,0.137331,0.007326,-0.178267,-0.074778,0.525684
7.019,0.003403,0.13466,-0.007326,-0.168498,-0.072861,0.812502
7.029,0.003403,0.131609,-0.021978,-0.158731,-0.068069,0.827672
7.039,0.003403,0.12932,0.007326,-0.173382,-0.072861,0.811488
7.049,0.003403,0.126268,-0.007326,-0.202686,-0.063276,0.824869
7.059,0.003403,0.122835,-0.007326,-0.178267,-0.068069,0.852869
7.069,0.003403,0.120165,-0.007326,-0.168498,-0.068069,0.563683
7.079,0.003499,0.117876,0.007326,-0.148962,-0.069985,0.5444
7.089,0.003403,0.115205,-0.007326,-0.168498,-0.068069,0.825735
7.099,0.003499,0.112535,-0.007326,-0.139194,-0.07957,0.534158
7.109,0.003499,0.109865,-0.007326,-0.173382,-0.07957,0.814056
7.119,0.003403,0.107576,-0.021978,-0.144078,-0.068069,0.7918
7.129,0.003499,0.104906,0.007326,-0.163614,-0.074778,0.784431
7.139,0.003403,0.102617,-0.007326,-0.168498,-0.068069,0.474887
7.149,0.003403,0.099947,0.007326,-0.178267,-0.068069,0.752147
7.159,0.003403,0.097275,-0.007326,-0.173382,-0.068069,0.742752
7.169,0.003403,0.094605,-0.007326,-0.188034,-0.068069,0.732727
7.179,0.003308,0.091553,-0.007326,-0.197803,-0.061359,0.737187
7.189,0.003499,0.088502,-0.007326,-0.20757,-0.074778,0.741485
7.199,0.003403,0.083924,-0.007326,-0.173382,-0.068069,0.520045
7.209,0.003403,0.080872,-0.007326,-0.202686,-0.068069,0.809215
7.219,0.003403,0.07782,-0.007326,-0.188034,-0.068069,0.811833
7.229,0.003403,0.073243,-0.021978,-0.222222,-0.068069,0.874969
7.239,0.003308,0.070954,-0.021978,-0.124542,-0.066152,0.845972
7.249,0.003499,0.068284,-0.007326,-0.158731,-0.069985,0.832145
7.259,0.003499,0.065995,0.007326,-0.144078,-0.069985,0.802434
7.269,0.003403,0.06218,0.007326,-0.173382,-0.068069,0.547245
7.279,0.003403,0.05951,-0.007326,-0.173382,-0.063276,0.532037
7.289,0.003308,0.05684,-0.021978,-0.18315,-0.061359,0.802527
7.299,0.003403,0.053025,-0.021978,-0.095238,-0.072861,0.832171
7.309,0.003499,0.051118,0.007326,-0.153846,-0.069985,0.785384
7.319,0.003403,0.048829,-0.007326,-0.144078,-0.068069,0.753716
7.329,0.003403,0.045777,0.007326,-0.18315,-0.063276,1.038178
7.339,0.003403,0.042725,0.007326,-0.227106,-0.072861,0.750168
7.349,0.003308,0.039674,-0.021978,-0.188034,-0.061359,0.748031
7.359,0.003499,0.036239,-0.007326,-0.217339,-0.074778,0.761677
7.369,0.003499,0.032425,-0.007326,-0.202686,-0.074778,0.788755
7.379,0.003308,0.028991,0.007326,-0.217339,-0.061359,1.087547
7.389,0.003403,0.025558,0.007326,-0.227106,-0.068069,1.099903
7.399,0.003403,0.021362,-0.007326,-0.236875,-0.072861,0.856532
7.409,0.003403,0.018692,-0.021978,-0.168498,-0.068069,0.552027
7.419,0.003499,0.01564,-0.007326,-0.18315,-0.074778,0.834839
7.429,0.003403,0.01297,-0.007326,-0.173382,-0.068069,0.816031
7.439,0.003308,0.010299,-0.021978,-0.20757,-0.061359,0.797504
7.449,0.003403,0.006866,-0.007326,-0.192918,-0.063276,0.809278
7.459,0.003403,0.003814,-0.007326,-0.212454,-0.063276,0.805755
7.469,0.003499,0.000763,-0.007326,-0.202686,-0.069985,0.802212
7.479,0.003403,-0.002671,-0.007326,-0.227106,-0.068069,0.813956
7.489,0.003403,-0.005722,-0.007326,-0.212454,-0.068069,0.810265
7.499,0.003403,-0.010681,-0.007326,-0.227106,-0.068069,2.027742
7.509,0.003403,-0.014115,-0.007326,-0.173382,-0.068069,0.895296
7.519,0.003403,-0.017166,-0.007326,-0.212454,-0.068069,0.892057
7.529,0.003403,-0.020218,-0.007326,-0.18315,-0.068069,0.888898
7.539,0.003403,-0.024414,-0.007326,-0.188034,-0.068069,0.931671
7.549,0.003403,-0.027086,0.007326,-0.158731,-0.068069,0.913484
7.559,0.003499,-0.029756,0.007326,-0.173382,-0.074778,0.895521
7.569,0.003403,-0.033952,-0.007326,-0.158731,-0.072861,0.938985
7.579,0.003308,-0.036241,-0.007326,-0.139194,-0.061359,0.906195
7.589,0.003308,-0.038148,-0.007326,-0.129426,-0.056567,0.572271
7.599,0.003403,-0.040437,-0.007326,-0.144078,-0.068069,0.826004
7.609,0.003403,-0.044252,0.007326,-0.153846,-0.072861,0.854964
7.619,0.003403,-0.046541,-0.007326,-0.158731,-0.068069,0.823001
7.629,0.003499,-0.049211,-0.007326,-0.178267,-0.069985,0.806931
7.639,0.003308,-0.052644,-0.021978,-0.153846,-0.066152,0.821483
7.649,0.003403,-0.055314,0.007326,-0.197803,-0.063276,0.805924
7.659,0.003499,-0.057985,-0.007326,-0.18315,-0.074778,0.790692
7.669,0.003403,-0.061799,-0.007326,-0.222222,-0.063276,1.679941
7.679,0.003403,-0.064851,-0.021978,-0.192918,-0.068069,0.822316
7.689,0.003403,-0.067903,-0.007326,-0.222222,-0.068069,0.823712
7.699,0.003403,-0.071336,-0.007326,-0.222222,-0.068069,0.840648
7.709,0.003403,-0.075532,-0.007326,-0.222222,-0.063276,0.888639
7.719,0.003403,-0.078584,-0.007326,-0.202686,-0.068069,0.891315
7.729,0.003403,-0.081636,0.007326,-0.202686,-0.063276,0.89446
7.739,0.003499,-0.086595,0.007326,-0.217339,-0.074778,0.974271
7.749,0.003308,-0.088885,-0.007326,-0.114774,-0.070944,0.948244
7.759,0.003595,-0.091173,-0.007326,-0.153846,-0.076711,0.922509
7.769,0.003499,-0.093462,0.007326,-0.148962,-0.069985,0.897348
7.779,0.003308,-0.096133,0.007326,-0.173382,-0.066152,0.888005
7.789,0.003499,-0.098803,0.007326,-0.153846,-0.07957,0.879288
7.799,0.003403,-0.101092,-0.007326,-0.173382,-0.063276,0.855768
7.809,0.003308,-0.104143,-0.021978,-0.124542,-0.061359,0.577465
7.819,0.003499,-0.106814,0.021978,-0.173382,-0.074778,0.856928
7.829,0.003403,-0.109103,-0.007326,-0.158731,-0.068069,0.835537
7.839,0.003499,-0.112154,-0.007326,-0.168498,-0.074778,1.417582
7.849,0.003403,-0.114825,-0.007326,-0.18315,-0.068069,0.84066
7.859,0.003499,-0.117495,0.007326,-0.178267,-0.074778,0.836697
7.869,0.003308,-0.120547,-0.021978,-0.20757,-0.066152,0.848547
7.879,0.003403,-0.123598,-0.007326,-0.188034,-0.072861,0.861564
7.889,0.003403,-0.12665,-0.007326,-0.20757,-0.063276,0.875163
7.899,0.003403,-0.129702,-0.007326,-0.197803,-0.063276,0.889552
7.909,0.003403,-0.132754,-0.007326,-0.192918,-0.068069,0.904794
7.919,0.003403,-0.135805,-0.007326,-0.212454,-0.068069,0.920906
7.929,0.003403,-0.138857,0.007326,-0.197803,-0.068069,0.937725
7.939,0.003308,-0.14229,-0.036631,-0.212454,-0.061359,1.257044
7.949,0.003308,-0.146487,-0.007326,-0.153846,-0.061359,1.035483
7.959,0.003499,-0.149157,-0.007326,-0.188034,-0.069985,1.039924
7.969,0.003403,-0.151828,-0.021978,-0.158731,-0.063276,1.045264
7.979,0.003308,-0.155261,-0.021978,-0.129426,-0.061359,1.082058
7.989,0.003403,-0.15755,0.007326,-0.163614,-0.068069,1.073881
7.999,0.003308,-0.159458,-0.021978,-0.144078,-0.061359,1.051708
8.009,0.003403,-0.162509,-0.007326,-0.144078,-0.068069,1.934427
8.019,0.003499,-0.164798,0.007326,-0.129426,-0.069985,1.071067
8.029,0.003403,-0.166705,-0.007326,-0.139194,-0.068069,0.765469
8.039,0.003403,-0.168994,-0.021978,-0.144078,-0.063276,1.048663
8.049,0.003403,-0.172809,0.007326,-0.139194,-0.068069,1.1077
8.059,0.003403,-0.175479,-0.021978,-0.197803,-0.068069,1.122061
8.069,0.003403,-0.177768,-0.021978,-0.139194,-0.068069,0.836129
8.079,0.003403,-0.180438,-0.007326,-0.139194,-0.068069,1.138736
8.089,0.003403,-0.182727,-0.007326,-0.129426,-0.063276,1.140945
8.099,0.003308,-0.184635,-0.021978,-0.129426,-0.061359,1.129317
8.109,0.003403,-0.186923,-0.007326,-0.144078,-0.068069,1.133928
8.119,0.003308,-0.189975,-0.007326,-0.139194,-0.066152,1.170204
8.129,0.003499,-0.192264,0.007326,-0.163614,-0.074778,1.177161
8.139,0.003403,-0.194171,-0.007326,-0.129426,-0.063276,1.169977
8.149,0.003499,-0.19646,-0.007326,-0.10989,-0.069985,0.893173
8.159,0.003403,-0.198367,0.007326,-0.129426,-0.068069,1.174369
8.169,0.003308,-0.199893,-0.021978,-0.080586,-0.066152,1.155632
8.179,0.003403,-0.201419,-0.007326,-0.114774,-0.068069,0.851906
8.189,0.003403,-0.203327,-0.007326,-0.124542,-0.072861,1.136869
8.199,0.003499,-0.205234,-0.007326,-0.139194,-0.074778,1.136971
8.209,0.003403,-0.20676,0.007326,-0.124542,-0.072861,0.837013
8.219,0.003403,-0.209812,-0.007326,-0.129426,-0.068069,1.171444
8.229,0.003499,-0.211719,0.007326,-0.129426,-0.069985,1.175464
8.239,0.003499,-0.213627,-0.007326,-0.129426,-0.074778,1.181485
8.249,0.003403,-0.215153,-0.007326,-0.119658,-0.068069,0.885937
8.259,0.003308,-0.21706,-0.021978,-0.119658,-0.066152,0.893784
8.269,0.003308,-0.218968,-0.007326,-0.114774,-0.066152,1.189111
8.279,0.003403,-0.220875,-0.007326,-0.13431,-0.068069,1.199542
8.289,0.003403,-0.223164,-0.007326,-0.070818,-0.068069,1.226784
8.299,0.003499,-0.22469,0.007326,-0.124542,-0.074778,1.224773
8.309,0.003499,-0.226216,-0.007326,-0.10989,-0.074778,0.938035
8.319,0.003403,-0.228504,-0.007326,-0.080586,-0.063276,0.969309
8.329,0.003403,-0.229649,-0.007326,-0.051282,-0.068069,0.956158
8.339,0.003403,-0.230412,-0.007326,-0.051282,-0.068069,0.929143
8.349,0.003403,-0.231938,-0.007326,-0.090354,-0.068069,1.220201
8.359,0.003212,-0.233082,-0.036631,-0.08547,-0.05465,0.925221
8.369,0.003308,-0.234608,-0.007326,-0.080586,-0.061359,1.219087
8.379,0.003403,-0.235752,-0.007326,-0.08547,-0.068069,0.926892
8.389,0.003403,-0.238041,-0.007326,-0.090354,-0.068069,0.968082
8.399,0.003308,-0.239186,-0.007326,-0.070818,-0.056567,1.251061
8.409,0.003308,-0.240712,-0.007326,-0.080586,-0.061359,1.264534
8.419,0.003308,-0.241856,-0.036631,-0.080586,-0.061359,0.978264
8.429,0.003403,-0.243,-0.021978,-0.06105,-0.072861,0.979489
8.439,0.003499,-0.243763,0.007326,-0.046398,-0.074778,0.966991
8.449,0.003403,-0.244145,-0.021978,-0.017094,-0.068069,0.940633
8.459,0.003403,-0.244908,-0.021978,-0.051282,-0.068069,0.931035
8.469,0.003403,-0.244908,-0.007326,-0.007326,-0.068069,0.892375
8.479,0.003403,-0.245289,-0.007326,-0.01221,-0.068069,0.870578
8.489,0.003499,-0.245671,0.007326,-0.041514,-0.069985,0.850154
8.499,0.003403,-0.246052,-0.021978,-0.031746,-0.072861,0.831309
8.509,0.003499,-0.247197,0.007326,-0.070818,-0.074778,0.844478
8.519,0.003403,-0.248722,-0.007326,-0.100122,-0.072861,1.446664
8.529,0.003403,-0.249867,0.007326,-0.095238,-0.068069,0.890662
8.539,0.003308,-0.251393,-0.007326,-0.08547,-0.061359,0.923791
8.549,0.003403,-0.252919,-0.021978,-0.100122,-0.068069,1.244462
8.559,0.003499,-0.253681,-0.007326,-0.046398,-0.07957,0.963993
8.569,0.003499,-0.254826,-0.007326,-0.051282,-0.07957,0.986469
8.579,0.003403,-0.255207,0.007326,-0.017094,-0.068069,0.979962
8.589,0.003403,-0.255589,-0.007326,0.002442,-0.063276,0.974993
8.599,0.003308,-0.255589,-0.021978,-0.002442,-0.056567,0.956344
8.609,0.003403,-0.255589,-0.021978,-0.002442,-0.068069,0.939278
8.619,0.003403,-0.255589,-0.007326,-0.002442,-0.068069,0.923755
8.629,0.003308,-0.255589,-0.007326,-0.002442,-0.061359,0.909732
8.639,0.003403,-0.255589,-0.007326,-0.002442,-0.063276,0.897305
8.649,0.003403,-0.255589,0.007326,-0.002442,-0.072861,0.886434
8.659,0.003308,-0.255589,-0.021978,-0.002442,-0.061359,0.877118
8.669,0.003403,-0.255589,-0.007326,-0.002442,-0.068069,0.869411
8.679,0.003403,-0.255589,-0.007326,-0.002442,-0.068069,0.863266
8.689,0.003403,-0.255589,-0.021978,-0.002442,-0.068069,0.858687
8.699,0.003403,-0.255589,-0.007326,-0.002442,-0.068069,0.855679
8.709,0.003403,-0.255589,-0.021978,-0.002442,-0.068069,0.854288
8.719,0.003308,-0.255589,-0.021978,-0.002442,-0.066152,0.854377
8.729,0.003403,-0.255589,-0.007326,-0.002442,-0.068069,0.856134
8.739,0.003499,-0.255589,0.007326,-0.002442,-0.074778,0.859467
8.749,0.003499,-0.255589,-0.007326,-0.002442,-0.07957,0.864331
8.759,0.003308,-0.255589,-0.021978,-0.002442,-0.061359,0.870775
8.769,0.003403,-0.255589,0.007326,-0.002442,-0.072861,0.878843
8.779,0.003403,-0.255589,-0.007326,-0.002442,-0.068069,0.888446
8.789,0.003308,-0.255589,-0.007326,-0.002442,-0.061359,0.89963
8.799,0.003403,-0.255589,-0.021978,-0.002442,-0.068069,0.912392
8.809,0.003403,-0.255589,-0.007326,-0.002442,-0.072861,0.926781
8.819,0.003308,-0.255589,-0.007326,-0.002442,-0.066152,0.942704
8.829,0.003403,-0.255589,-0.007326,-0.002442,-0.072861,0.960205
8.839,0.003499,-0.255589,0.007326,-0.002442,-0.074778,0.979284
8.849,0.003403,-0.255589,-0.007326,-0.002442,-0.063276,0.999894
8.859,0.003499,-0.255589,-0.007326,-0.002442,-0.074778,1.022078
8.869,0.003403,-0.255589,-0.007326,-0.002442,-0.072861,1.045881
8.879,0.003403,-0.255589,-0.007326,-0.002442,-0.068069,1.071164
8.889,0.003403,-0.255589,-0.021978,-0.002442,-0.063276,1.098063
8.899,0.003403,-0.255589,-0.021978,-0.002442,-0.063276,1.126527
8.909,0.003403,-0.255589,-0.007326,-0.002442,-0.068069,1.156508
8.919,0.003499,-0.255589,-0.007326,-0.002442,-0.069985,1.188004
8.929,0.003403,-0.255589,-0.021978,-0.002442,-0.068069,1.221105
8.939,0.003499,-0.255589,0.007326,-0.002442,-0.074778,1.255668
8.949,0.003308,-0.255589,-0.021978,-0.002442,-0.061359,1.291826
8.959,0.003499,-0.255589,-0.007326,-0.002442,-0.074778,1.329486
8.969,0.003499,-0.255589,-0.007326,-0.002442,-0.069985,1.368732
8.979,0.003308,-0.255589,-0.021978,-0.002442,-0.056567,1.409378
8.989,0.003499,-0.255589,0.007326,-0.002442,-0.074778,1.451605
8.999,0.003403,-0.255589,-0.007326,-0.002442,-0.072861,1.495359
9.009,0.003403,-0.255589,-0.021978,-0.002442,-0.068069,1.54059
9.019,0.003499,-0.255589,0.007326,-0.002442,-0.074778,1.587294
9.029,0.003403,-0.255589,-0.007326,-0.002442,-0.068069,1.635553
9.039,0.003403,-0.255589,-0.021978,-0.002442,-0.072861,1.68518
9.049,0.003403,-0.255589,-0.021978,-0.002442,-0.068069,1.736355
9.059,0.003308,-0.255589,-0.007326,0.002442,-0.061359,1.788931
9.069,0.003308,-0.255589,-0.007326,-0.002442,-0.061359,1.843085
9.079,0.003499,-0.255207,0.007326,-0.002442,-0.07957,1.883316
9.089,0.003403,-0.255207,-0.021978,0.002442,-0.063276,1.940368
9.099,0.003403,-0.255207,-0.007326,0.002442,-0.072861,1.998656
9.109,0.003403,-0.255207,-0.007326,-0.002442,-0.068069,2.058495
9.119,0.003403,-0.255207,-0.007326,0.002442,-0.068069,2.11974
9.129,0.003403,-0.255207,-0.007326,0.002442,-0.068069,2.18238
9.139,0.003403,-0.255207,-0.007326,-0.002442,-0.068069,2.246455
9.149,0.003403,-0.255207,-0.007326,0.002442,-0.072861,2.311862
9.159,0.003403,-0.255207,-0.021978,0.002442,-0.068069,2.378777
9.169,0.003403,-0.255207,-0.007326,0.002442,-0.072861,2.446917
9.179,0.003403,-0.255207,-0.007326,0.002442,-0.063276,2.51641
9.189,0.003499,-0.255207,-0.007326,0.002442,-0.069985,2.587339
9.199,0.003499,-0.255207,0.021978,0.002442,-0.07957,2.659603
9.209,0.003403,-0.254826,-0.007326,0.002442,-0.068069,2.431784
9.219,0.003403,-0.254826,-0.007326,0.002442,-0.072861,2.792869
9.229,0.003499,-0.254444,-0.007326,0.031746,-0.074778,2.567612
9.239,0.003499,-0.254063,0.021978,0.002442,-0.069985,2.915934
9.249,0.003499,-0.253681,0.007326,0.046398,-0.074778,2.97943
9.259,0.003403,-0.252919,0.007326,0.01221,-0.068069,2.74278
9.269,0.003403,-0.252156,-0.007326,0.051282,-0.068069,3.079676
9.279,0.003403,-0.252156,-0.007326,0.007326,-0.068069,3.162268
9.289,0.003308,-0.251774,0.007326,0.031746,-0.061359,3.230654
9.299,0.003308,-0.251011,0.007326,0.03663,-0.061359,3.285088
9.309,0.003403,-0.249867,-0.007326,0.051282,-0.063276,3.32541
9.319,0.003403,-0.248722,-0.007326,0.095238,-0.072861,3.366959
9.329,0.003403,-0.247578,-0.021978,0.065934,-0.063276,3.123575
9.339,0.003403,-0.246052,-0.007326,0.046398,-0.068069,3.438374
9.349,0.003403,-0.244526,-0.021978,0.129426,-0.068069,3.467975
9.359,0.003403,-0.242619,-0.007326,0.129426,-0.063276,3.197426
9.369,0.003403,-0.24033,-0.021978,0.119658,-0.072861,3.19882
9.379,0.003403,-0.238041,-0.007326,0.153846,-0.068069,3.201343
9.389,0.003499,-0.235752,0.007326,0.153846,-0.074778,3.20484
9.399,0.003403,-0.233082,-0.021978,0.197803,-0.063276,3.19417
9.409,0.003308,-0.229649,-0.007326,0.202686,-0.056567,3.154142
9.419,0.003308,-0.226597,-0.021978,0.192918,-0.061359,3.130059
9.429,0.003403,-0.223927,-0.021978,0.192918,-0.068069,3.122419
9.439,0.003499,-0.219349,-0.021978,0.217339,-0.07957,3.039371
9.449,0.003499,-0.216679,0.007326,0.153846,-0.074778,3.033566
9.459,0.003403,-0.213627,-0.007326,0.173382,-0.072861,3.013504
9.469,0.003499,-0.211337,-0.007326,0.153846,-0.074778,3.024913
9.479,0.003403,-0.207904,-0.007326,0.13431,-0.063276,3.277372
9.489,0.003403,-0.205615,-0.021978,0.114774,-0.068069,3.00442
9.499,0.003403,-0.203327,-0.021978,0.153846,-0.068069,3.018479
9.509,0.003499,-0.200275,-0.007326,0.114774,-0.069985,3.28896
9.519,0.003403,-0.197986,-0.007326,0.158731,-0.072861,3.018625
9.529,0.003403,-0.196079,-0.007326,0.124542,-0.063276,3.050696
9.539,0.003403,-0.192645,-0.021978,0.163614,-0.072861,2.163904
9.549,0.003403,-0.190738,-0.007326,0.08547,-0.063276,3.341861
9.559,0.003499,-0.188449,-0.007326,0.144078,-0.074778,3.074821
9.569,0.003403,-0.186542,-0.007326,0.124542,-0.068069,3.395997
9.579,0.003403,-0.183872,-0.021978,0.148962,-0.063276,3.115185
9.589,0.003499,-0.181583,-0.007326,0.144078,-0.074778,3.136677
9.599,0.003403,-0.179675,0.007326,0.129426,-0.068069,3.459954
9.609,0.003403,-0.176624,-0.007326,0.139194,-0.068069,3.166123
9.619,0.003499,-0.174716,-0.007326,0.119658,-0.074778,3.204832
9.629,0.003403,-0.172427,-0.007326,0.144078,-0.072861,3.228979
9.639,0.003403,-0.169757,-0.021978,0.178267,-0.063276,3.238451
9.649,0.003499,-0.165942,-0.007326,0.18315,-0.069985,3.202827
9.659,0.003403,-0.162891,-0.007326,0.20757,-0.072861,3.19848
9.669,0.003403,-0.159839,-0.007326,0.188034,-0.068069,3.194375
9.679,0.003499,-0.156787,-0.007326,0.197803,-0.074778,3.19096
9.689,0.003403,-0.153354,-0.007326,0.217339,-0.068069,3.172946
9.699,0.003403,-0.149538,-0.007326,0.236875,-0.063276,2.853943
9.709,0.003403,-0.146105,-0.007326,0.222222,-0.063276,3.123013
9.719,0.003403,-0.14229,-0.007326,0.227106,-0.068069,2.805263
9.729,0.003308,-0.138857,-0.021978,0.20757,-0.061359,3.075057
9.739,0.003403,-0.135805,0.007326,0.227106,-0.068069,3.074672
9.749,0.003403,-0.130465,0.007326,0.18315,-0.063276,2.983123
9.759,0.003403,-0.127413,-0.007326,0.197803,-0.068069,2.983515
9.769,0.003499,-0.124743,-0.007326,0.158731,-0.074778,3.285743
9.779,0.003308,-0.120928,-0.007326,0.202686,-0.066152,3.256594
9.789,0.003499,-0.118639,-0.007326,0.10989,-0.069985,3.002395
9.799,0.003308,-0.115969,-0.021978,0.158731,-0.061359,3.019615
9.809,0.003403,-0.114062,-0.007326,0.114774,-0.063276,3.067629
9.819,0.003403,-0.110628,0.007326,0.114774,-0.068069,3.054942
9.829,0.003308,-0.109103,-0.007326,0.105006,-0.061359,3.404985
9.839,0.003403,-0.107195,-0.007326,0.119658,-0.072861,3.16802
9.849,0.003403,-0.104143,-0.007326,0.100122,-0.068069,3.171257
9.859,0.003308,-0.102236,-0.007326,0.158731,-0.066152,3.22068
9.869,0.003308,-0.099947,-0.007326,0.148962,-0.066152,3.255103
9.879,0.003403,-0.096133,-0.007326,0.192918,-0.068069,2.084266
9.889,0.003403,-0.093844,-0.007326,0.139194,-0.072861,3.549567
9.899,0.003403,-0.090792,-0.007326,0.197803,-0.068069,3.267924
9.909,0.003308,-0.088121,-0.007326,0.178267,-0.066152,3.287096
9.919,0.003403,-0.083925,-0.007326,0.23199,-0.068069,3.246509
9.929,0.003499,-0.080491,-0.007326,0.227106,-0.074778,3.236015
9.939,0.003499,-0.076677,0.007326,0.222222,-0.069985,2.924162
9.949,0.003403,-0.072862,0.007326,0.227106,-0.068069,3.18458
9.959,0.003308,-0.069047,-0.021978,0.236875,-0.061359,2.872748
9.969,0.003403,-0.065614,0.007326,0.217339,-0.072861,3.148583
9.979,0.003499,-0.061799,-0.007326,0.23199,-0.074778,3.122703
9.989,0.003403,-0.057222,0.007326,0.20757,-0.068069,2.78032
9.999,0.003308,-0.05417,-0.007326,0.20757,-0.066152,3.071104
10.009,0.003308,-0.050737,-0.021978,0.202686,-0.056567,3.060529
10.019,0.003403,-0.046922,-0.007326,0.168498,-0.068069,3.034538
10.029,0.003403,-0.044252,-0.021978,0.173382,-0.068069,3.340475
10.039,0.003499,-0.041581,0.007326,0.153846,-0.074778,3.073755
10.049,0.003403,-0.038911,0.007326,0.168498,-0.068069,3.093172
10.059,0.003403,-0.036241,-0.007326,0.188034,-0.063276,3.112437
10.069,0.003403,-0.033571,0.007326,0.158731,-0.072861,3.417604
10.079,0.003403,-0.030519,-0.007326,0.178267,-0.068069,3.135113
10.089,0.003403,-0.027849,-0.007326,0.178267,-0.063276,3.153952
10.099,0.003403,-0.024796,-0.007326,0.202686,-0.072861,2.87079
10.109,0.003403,-0.021744,0.007326,0.197803,-0.072861,3.159773
10.119,0.003403,-0.016403,-0.021978,0.266178,-0.068069,3.070808
10.129,0.003499,-0.013733,-0.007326,0.153846,-0.065181,3.088328
10.139,0.003308,-0.010681,-0.021978,0.197803,-0.070944,3.090254
10.149,0.003403,-0.00763,-0.021978,0.197803,-0.072861,3.091865
10.159,0.003499,-0.002289,-0.007326,0.227106,-0.069985,3.001661
10.169,0.003308,0.001144,0.007326,0.212454,-0.066152,2.987015
10.179,0.003308,0.004577,-0.007326,0.236875,-0.061359,2.972132
10.189,0.003403,0.009155,-0.007326,0.139194,-0.068069,2.911035
10.199,0.003308,0.011825,-0.021978,0.217339,-0.066152,2.92579
10.209,0.003403,0.014496,0.007326,0.158731,-0.072861,2.94007
10.219,0.003308,0.018692,-0.021978,0.217339,-0.061359,2.034715
10.229,0.003308,0.021743,-0.021978,0.192918,-0.061359,2.890892
10.239,0.003403,0.024795,-0.007326,0.192918,-0.072861,2.888437
10.249,0.003308,0.027847,-0.007326,0.202686,-0.066152,2.885404
10.259,0.003308,0.03128,-0.021978,0.188034,-0.061359,2.866577
10.269,0.003403,0.034332,-0.021978,0.192918,-0.068069,2.862414
10.279,0.003308,0.037003,-0.021978,0.163614,-0.066152,2.873063
10.289,0.003308,0.041581,-0.021978,0.18315,-0.056567,2.806499
10.299,0.003499,0.043488,0.007326,0.119658,-0.074778,2.846278
10.309,0.003403,0.045777,0.007326,0.139194,-0.068069,2.870145
10.319,0.003308,0.048066,-0.021978,0.139194,-0.061359,2.89339
10.329,0.003308,0.050736,-0.021978,0.168498,-0.066152,2.900698
10.339,0.003308,0.053406,-0.007326,0.139194,-0.066152,2.907468
10.349,0.003403,0.055695,-0.021978,0.148962,-0.068069,2.928446
10.359,0.003308,0.058747,-0.021978,0.144078,-0.061359,2.918362
10.369,0.003308,0.061799,-0.007326,0.202686,-0.061359,2.907519
10.379,0.003403,0.064851,-0.007326,0.192918,-0.072861,2.895901
10.389,0.003403,0.068665,-0.007326,0.197803,-0.072861,2.280741
10.399,0.003308,0.071717,0.007326,0.18315,-0.066152,2.839729
10.409,0.003403,0.07515,-0.007326,0.212454,-0.068069,2.810556
10.419,0.003403,0.078202,-0.007326,0.192918,-0.063276,2.795444
10.429,0.003308,0.081254,-0.007326,0.20757,-0.066152,2.779678
10.439,0.003403,0.084305,-0.007326,0.197803,-0.072861,2.763007
10.449,0.003308,0.087357,-0.007326,0.188034,-0.061359,2.745437
10.459,0.003308,0.090409,-0.007326,0.178267,-0.061359,2.726972
10.469,0.003308,0.093079,-0.007326,0.188034,-0.066152,2.722996
10.479,0.003403,0.096131,0.007326,0.173382,-0.068069,2.702488
10.489,0.003403,0.098801,-0.007326,0.188034,-0.068069,2.696465
10.499,0.003308,0.102998,0.007326,0.114774,-0.066152,2.628364
10.509,0.003403,0.104906,-0.021978,0.158731,-0.068069,2.936921
10.519,0.003499,0.107195,0.007326,0.139194,-0.07957,2.657084
10.529,0.003499,0.110246,0.007326,0.100122,-0.074778,2.63194
10.539,0.003308,0.112154,-0.021978,0.13431,-0.066152,2.937336
10.549,0.003308,0.114061,-0.021978,0.119658,-0.066152,2.669672
10.559,0.003308,0.117113,-0.007326,0.119658,-0.066152,1.782942
10.569,0.003308,0.11902,-0.007326,0.095238,-0.066152,2.65753
10.579,0.003308,0.120928,0.007326,0.13431,-0.061359,2.958866
10.589,0.003308,0.123216,-0.007326,0.129426,-0.061359,2.671743
10.599,0.003308,0.126268,-0.021978,0.13431,-0.066152,2.924888
10.609,0.003403,0.128557,-0.007326,0.148962,-0.068069,2.635384
10.619,0.003403,0.131227,-0.007326,0.158731,-0.068069,2.615539
10.629,0.003403,0.133897,-0.007326,0.139194,-0.068069,2.594559
10.639,0.003403,0.135805,0.021978,0.124542,-0.072861,2.602907
10.649,0.003308,0.138094,0.007326,0.148962,-0.061359,2.59482
10.659,0.003403,0.140382,-0.021978,0.153846,-0.068069,2.58565
10.669,0.003403,0.143434,0.007326,0.148962,-0.068069,2.544487
10.679,0.003308,0.145723,-0.021978,0.13431,-0.061359,2.532733
10.689,0.003308,0.148012,-0.007326,0.13431,-0.066152,2.519741
10.699,0.003308,0.150682,-0.007326,0.100122,-0.066152,2.776314
10.709,0.003308,0.15259,-0.021978,0.114774,-0.066152,2.489963
10.719,0.003308,0.154497,-0.007326,0.095238,-0.066152,2.488537
10.729,0.003308,0.156023,-0.036631,0.095238,-0.066152,2.786963
10.739,0.003403,0.15793,-0.007326,0.144078,-0.072861,2.496774
10.749,0.003403,0.159837,-0.021978,0.119658,-0.068069,2.491359
10.759,0.003403,0.161746,-0.007326,0.13431,-0.068069,2.483871
10.769,0.003403,0.164035,0.007326,0.095238,-0.068069,2.747396
10.779,0.003403,0.16556,-0.007326,0.080586,-0.072861,2.467245
10.789,0.003403,0.167086,0.007326,0.080586,-0.068069,2.47162
10.799,0.003308,0.168231,-0.007326,0.090354,-0.066152,2.490063
10.809,0.003499,0.169375,0.007326,0.051282,-0.07957,2.793194
10.819,0.003403,0.17052,0.007326,0.090354,-0.068069,2.80889
10.829,0.003403,0.172045,-0.007326,0.10989,-0.063276,2.807915
10.839,0.003403,0.174334,-0.007326,0.090354,-0.072861,2.775093
10.849,0.003403,0.17586,-0.007326,0.075702,-0.072861,2.485134
10.859,0.003308,0.177005,-0.007326,0.100122,-0.066152,2.781333
10.869,0.003308,0.179293,-0.007326,0.080586,-0.061359,2.744186
10.879,0.003308,0.180438,-0.007326,0.056166,-0.061359,2.465246
10.889,0.003308,0.181201,-0.007326,0.065934,-0.061359,2.772391
10.899,0.003308,0.182727,0.007326,0.075702,-0.061359,2.475334
10.909,0.003403,0.183871,-0.007326,0.065934,-0.072861,2.7644
10.919,0.003308,0.185015,-0.007326,0.065934,-0.066152,2.765682
10.929,0.003403,0.18616,0.007326,0.051282,-0.072861,2.765595
10.939,0.003308,0.187304,0.007326,0.075702,-0.061359,2.764036
10.949,0.003308,0.18883,-0.007326,0.080586,-0.066152,2.459658
10.959,0.003308,0.189974,-0.021978,0.075702,-0.061359,2.455107
10.969,0.003308,0.191882,-0.021978,0.051282,-0.066152,2.418602
10.979,0.003403,0.192645,-0.007326,0.051282,-0.063276,2.712327
10.989,0.003308,0.193789,-0.007326,0.06105,-0.066152,2.703251
10.999,0.003403,0.194934,0.007326,0.070818,-0.072861,2.406558
11.009,0.003403,0.196841,-0.007326,0.080586,-0.068069,2.363934
11.019,0.003308,0.197604,-0.007326,0.06105,-0.066152,2.651612
11.029,0.003403,0.198748,-0.007326,0.070818,-0.072861,2.350383
11.039,0.003403,0.19913,-0.007326,0.01221,-0.063276,2.65022
11.049,0.003403,0.199511,-0.021978,0.021978,-0.068069,2.662443
11.059,0.003403,0.199893,-0.007326,0.007326,-0.068069,2.673168
11.069,0.003308,0.200274,-0.021978,0.03663,-0.061359,2.682325
11.079,0.003499,0.200656,-0.007326,0.007326,-0.07957,2.68995
11.089,0.003403,0.201037,-0.007326,0.021978,-0.072861,2.696061
11.099,0.003403,0.201419,-0.007326,0.002442,-0.068069,2.70054
11.109,0.003499,0.201419,0.007326,0.007326,-0.069985,2.71874
11.119,0.003403,0.201419,-0.007326,-0.002442,-0.068069,2.73542
11.129,0.003308,0.201419,-0.021978,-0.002442,-0.066152,2.750532
11.139,0.003403,0.201419,-0.007326,-0.002442,-0.072861,2.764047
11.149,0.003499,0.201419,0.007326,-0.002442,-0.074778,2.776032
11.159,0.003403,0.201419,-0.007326,-0.002442,-0.068069,2.786434
11.169,0.003499,0.201419,-0.007326,-0.002442,-0.074778,2.795277
11.179,0.003403,0.201419,-0.007326,-0.002442,-0.072861,2.802533
11.189,0.003308,0.2018,-0.021978,-0.002442,-0.061359,2.792962
11.199,0.003308,0.2018,-0.021978,0.002442,-0.061359,2.797052
11.209,0.003403,0.2018,-0.007326,-0.002442,-0.072861,2.799617
11.219,0.003308,0.2018,0.007326,-0.002442,-0.061359,2.800563
11.229,0.003308,0.2018,-0.021978,-0.002442,-0.061359,2.79991
11.239,0.003403,0.2018,0.007326,-0.002442,-0.063276,2.797729
11.249,0.003403,0.2018,-0.007326,-0.002442,-0.068069,2.793944
11.259,0.003403,0.2018,-0.007326,-0.002442,-0.072861,2.788582
11.269,0.003308,0.2018,-0.007326,-0.002442,-0.066152,2.781663
11.279,0.003308,0.2018,-0.007326,-0.002442,-0.061359,2.77312
11.289,0.003308,0.2018,-0.007326,-0.002442,-0.061359,2.763041
11.299,0.003308,0.2018,-0.007326,-0.002442,-0.061359,2.75136
11.309,0.003403,0.2018,0.007326,-0.002442,-0.068069,2.738143
11.319,0.003308,0.2018,-0.007326,-0.002442,-0.061359,2.723325
11.329,0.003308,0.2018,-0.021978,-0.002442,-0.061359,2.706928
11.339,0.003403,0.2018,0.007326,-0.002442,-0.068069,2.688954
11.349,0.003308,0.2018,-0.007326,-0.002442,-0.066152,2.669404
11.359,0.003403,0.2018,-0.007326,-0.002442,-0.072861,2.648324
11.369,0.003403,0.2018,-0.007326,-0.002442,-0.068069,2.62567
11.379,0.003403,0.2018,-0.021978,-0.002442,-0.068069,2.601445
11.389,0.003308,0.2018,-0.007326,-0.002442,-0.061359,2.575675
11.399,0.003403,0.2018,-0.007326,-0.002442,-0.072861,2.548337
11.409,0.003403,0.2018,-0.007326,-0.002442,-0.068069,2.519437
11.419,0.003308,0.2018,-0.007326,-0.002442,-0.066152,2.489045
11.429,0.003403,0.2018,-0.007326,-0.002442,-0.072861,2.457072
11.439,0.003403,0.2018,-0.007326,-0.002442,-0.063276,2.423566
11.449,0.003403,0.2018,-0.021978,-0.002442,-0.072861,2.388534
11.459,0.003403,0.2018,-0.007326,-0.002442,-0.068069,2.351955
11.469,0.003403,0.2018,-0.007326,-0.002442,-0.072861,2.313836
11.479,0.003308,0.2018,-0.021978,-0.002442,-0.061359,2.27427
11.489,0.003403,0.2018,-0.007326,-0.002442,-0.068069,2.233148
11.499,0.003403,0.2018,0.007326,-0.002442,-0.068069,2.19052
11.509,0.003308,0.2018,-0.007326,-0.002442,-0.056567,2.146415
11.519,0.003403,0.2018,-0.007326,-0.002442,-0.068069,2.100769
11.529,0.003403,0.2018,-0.021978,-0.002442,-0.068069,2.053612
11.539,0.003403,0.2018,0.007326,-0.002442,-0.068069,2.005134
11.549,0.003403,0.2018,-0.007326,-0.002442,-0.068069,1.955062
11.559,0.003308,0.2018,-0.021978,-0.002442,-0.061359,1.903543
11.569,0.003403,0.2018,-0.007326,-0.002442,-0.063276,1.85056
11.579,0.003499,0.2018,0.007326,-0.002442,-0.074778,1.796143
11.589,0.003308,0.2018,-0.007326,-0.007326,-0.066152,1.740185
11.599,0.003403,0.201419,-0.007326,-0.002442,-0.072861,1.698212
11.609,0.003403,0.201419,0.007326,-0.007326,-0.063276,1.639474
11.619,0.003403,0.201419,-0.007326,-0.002442,-0.072861,1.579355
11.629,0.003308,0.201419,-0.007326,-0.007326,-0.061359,1.517794
11.639,0.003403,0.201419,-0.021978,-0.002442,-0.063276,1.454844
11.649,0.003403,0.201419,-0.007326,-0.007326,-0.068069,1.390514
11.659,0.003403,0.201419,-0.007326,-0.002442,-0.072861,1.324678
11.669,0.003403,0.201419,-0.007326,-0.007326,-0.072861,1.257709
11.679,0.003403,0.201419,-0.007326,-0.007326,-0.077653,1.189225
11.689,0.003308,0.201419,-0.021978,-0.007326,-0.061359,1.119441
11.699,0.003499,0.201419,-0.007326,-0.007326,-0.074778,1.048302
11.709,0.003403,0.201419,-0.007326,-0.007326,-0.068069,0.975814
11.719,0.003403,0.201037,-0.007326,-0.007326,-0.072861,0.917208
11.729,0.003403,0.201037,-0.021978,-0.007326,-0.063276,0.842227
11.739,0.003403,0.201037,-0.007326,-0.017094,-0.063276,0.765812
