time,q1,q2,dq1,dq2,tau1,tau2,dt,q1_ref,q2_ref,dq1_ref,dq2_ref,ddq1_ref,ddq2_ref,frequency_hz,frequency_index,cycle_index,valid_for_fit
5.806,-0.137821,-0.479869,1.765568,3.45055,2.506822,10.0,0.001997,0.0,0.03255,0.0,2.479765,0.0,-5.140145,2.0,0,6,1
5.833,-0.082117,-0.340562,2.65934,8.065933,1.316361,10.0,0.002,0.0,0.097464,0.0,2.19465,0.0,-15.390899,2.0,0,6,1
5.853,-0.019319,-0.108832,3.31868,13.838829,0.026842,5.001335,0.002,0.0,0.137834,0.0,1.821113,0.0,-21.765932,2.0,0,6,1
5.881,0.072434,0.306308,3.201466,12.54945,-1.789048,-5.942891,0.002,0.0,0.178776,0.0,1.126725,0.0,-28.231121,2.0,0,6,1
5.904,0.131109,0.602851,1.736263,10.175823,-2.751613,-10.0,0.002,0.0,0.197132,0.0,0.424118,0.0,-31.129797,2.0,0,6,1
5.924,0.126124,0.714545,-1.35531,0.417582,-2.287599,-10.0,0.002,0.0,0.199332,0.0,-0.205259,0.0,-31.47723,2.0,0,6,1
5.952,0.040987,0.639667,-3.743589,-5.750916,-0.426668,-10.0,0.002,0.0,0.182014,0.0,-1.041627,0.0,-28.742565,2.0,0,6,1
5.972,-0.036001,0.461147,-3.597069,-10.791208,1.04121,-7.379829,0.002,0.0,0.155682,0.0,-1.577721,0.0,-24.584345,2.0,0,6,1
5.999,-0.10762,0.079276,-1.619047,-14.996337,2.272243,3.146528,0.002,0.0,0.103948,0.0,-2.147148,0.0,-16.414886,2.0,0,6,1
6.027,-0.098416,-0.259547,1.062271,-10.234432,1.723814,8.298144,0.002,0.0,0.039925,0.0,-2.462688,0.0,-6.304727,2.0,0,6,1
6.047,-0.054217,-0.388212,2.454212,-4.168499,0.825476,10.0,0.002,0.0,-0.010066,0.0,-2.510089,0.0,1.589568,2.0,0,6,1
6.069,0.005225,-0.392814,2.65934,2.322346,-0.3442,8.83129,0.002,0.0,-0.064207,0.0,-2.38024,0.0,10.139152,2.0,0,6,1
6.089,0.044726,-0.284379,1.853479,6.87912,-1.062302,3.442225,0.002,0.0,-0.109296,0.0,-2.1048,0.0,17.259274,2.0,0,6,1
6.112,0.072242,-0.098765,0.857143,7.274727,-1.50236,-3.295167,0.002,0.0,-0.153312,0.0,-1.613962,0.0,24.209999,2.0,0,6,1
6.136,0.068695,0.042843,-0.534798,4.388279,-1.300692,-7.777717,0.005501,0.0,-0.180435,0.0,-1.084146,0.0,28.493189,2.0,0,6,1
6.156,0.043671,0.071126,-1.516483,-0.505495,-0.705641,-8.016042,0.002,0.0,-0.197733,0.0,-0.377322,0.0,31.224777,2.0,0,6,1
6.176,0.007143,0.002384,-1.897436,-5.106228,0.048895,-5.017409,0.002,0.0,-0.198988,0.0,0.252493,0.0,31.422949,2.0,0,6,1
6.196,-0.023154,-0.133855,-1.311356,-7.465202,0.587709,0.015678,0.002,0.0,-0.18774,0.0,0.866425,0.0,29.646664,2.0,0,6,1
6.216,-0.042712,-0.266259,-0.637363,-6.571428,0.878211,4.736947,0.002,0.0,-0.164694,0.0,1.425931,0.0,26.007431,2.0,0,6,1
6.236,-0.044151,-0.355519,0.021978,-2.923077,0.873428,7.568623,0.002,0.0,-0.1313,0.0,1.895823,0.0,20.734137,2.0,0,6,1
6.263,-0.032454,-0.330591,0.520147,3.714287,0.605907,7.381107,0.001999,0.0,-0.07243,0.0,2.34267,0.0,11.437766,2.0,0,6,1
6.291,-0.015771,-0.132896,0.637363,9.443222,0.253106,2.395756,0.002,0.0,-0.005004,0.0,2.512487,0.0,0.790173,2.0,0,6,1
6.311,-0.002924,0.065182,0.710623,9.838829,-0.027801,-2.007912,0.002,0.0,0.044877,0.0,2.449188,0.0,-7.08662,2.0,0,7,1
6.338,0.018552,0.301323,0.813187,7.699635,-0.442943,-6.859356,0.002,0.0,0.108243,0.0,2.11337,0.0,-17.093094,2.0,0,7,1
6.358,0.026701,0.402471,0.241758,3.406593,-0.543618,-7.960518,0.001998,0.0,0.146679,0.0,1.708525,0.0,-23.162689,2.0,0,7,1
6.386,0.014813,0.393747,-0.710623,-2.717949,-0.22914,-5.567421,0.002,0.0,0.184056,0.0,0.983354,0.0,-29.064909,2.0,0,7,1
6.408,-0.000911,0.289818,-0.681318,-5.794872,0.075735,-1.780169,0.002,0.0,0.198426,0.0,0.314694,0.0,-31.334177,2.0,0,7,1
6.428,-0.006855,0.170645,-0.153847,-5.736263,0.165865,1.804646,0.002,0.0,0.19842,0.0,-0.3153,0.0,-31.333214,2.0,0,7,1
6.451,-0.006855,0.061731,0.10989,-4.227106,0.1371,4.164238,0.002,0.0,0.182528,0.0,-1.027329,0.0,-28.82371,2.0,0,7,1
6.471,-0.004267,0.018107,0.10989,-1.150183,0.066161,3.934494,0.002,0.0,0.156462,0.0,-1.565486,0.0,-24.707548,2.0,0,7,1
6.495,-0.001486,0.039679,0.080585,1.912088,0.024929,1.361095,0.002,0.0,0.113433,0.0,-2.069946,0.0,-17.912573,2.0,0,7,1
6.515,-0.001486,0.08522,-0.007326,2.190475,0.029721,-1.434593,0.002,0.0,0.068904,0.0,-2.35941,0.0,-10.880854,2.0,0,7,1
6.535,-0.001582,0.115325,-0.007326,1.501831,0.03643,-3.715232,0.002,0.0,0.020045,0.0,-2.500619,0.0,-3.165428,2.0,0,7,1
6.555,-0.001582,0.117914,-0.007326,-0.945055,0.036428,-4.761009,0.002001,0.0,-0.030074,0.0,-2.484697,0.0,4.749138,2.0,0,7,1
6.575,-0.0035,0.064032,-0.080585,-3.802198,0.079587,-4.017443,0.002,0.0,-0.078302,0.0,-2.31265,0.0,12.364938,2.0,0,7,1
6.602,-0.002541,-0.090615,0.10989,-6.468864,0.031631,-0.531914,0.002,0.0,-0.136013,0.0,-1.842616,0.0,21.478252,2.0,0,7,1
6.622,-0.001199,-0.216404,-0.007326,-5.282051,0.023971,2.017112,0.002,0.0,-0.168206,0.0,-1.359662,0.0,26.561953,2.0,0,7,1
6.65,0.005896,-0.35456,0.212454,-3.523809,-0.146691,5.246734,0.002,0.0,-0.194913,0.0,-0.563264,0.0,30.779352,2.0,0,7,1
6.677,0.005417,-0.3699,-0.10989,1.369963,-0.089169,4.82527,0.002,0.0,-0.198573,0.0,0.299736,0.0,31.357327,2.0,0,7,1
6.697,0.00139,-0.302212,-0.227106,4.241756,-0.013428,2.731338,0.002,0.0,-0.186402,0.0,0.910894,0.0,29.435419,2.0,0,7,1
6.725,-0.001774,-0.150441,-0.212454,5.985348,0.049849,-0.943726,0.002,0.0,-0.150828,0.0,1.650505,0.0,23.81777,2.0,0,7,1
6.745,-0.003308,-0.04843,-0.051283,5.355312,0.066152,-2.598153,0.002,0.0,-0.113425,0.0,2.070013,0.0,17.91135,2.0,0,7,1
6.772,-0.002061,0.057704,0.051283,2.820515,0.026895,-3.366697,0.002006,0.0,-0.050919,0.0,2.430456,0.0,8.04083,2.0,0,7,1
6.796,-0.001486,0.086275,-0.021978,0.227106,0.034514,-1.055898,0.002,0.0,0.007575,0.0,2.511471,0.0,-1.196231,2.0,0,8,1
6.816,-0.00139,0.078125,-0.007326,-0.695971,0.027804,-0.068276,0.002,0.0,0.057037,0.0,2.408906,0.0,-9.006862,2.0,0,8,1
6.838,-0.001294,0.07429,0.007326,0.681318,0.021095,1.17063,0.002,0.0,0.107192,0.0,2.121815,0.0,-16.92709,2.0,0,8,1
6.858,-0.000335,0.080235,0.051283,0.783882,-0.002887,2.076901,0.002,0.0,0.145813,0.0,1.7202,0.0,-23.025829,2.0,0,8,1
6.88,0.001965,0.117818,0.080585,2.322346,-0.04889,1.488046,0.002,0.0,0.178213,0.0,1.140712,0.0,-28.142281,2.0,0,8,1
6.904,0.001678,0.189245,-0.036631,3.23077,-0.031812,-0.521932,0.0055,0.0,0.195188,0.0,0.547982,0.0,-30.822882,2.0,0,8,1
6.924,0.001678,0.23747,-0.007326,1.677656,-0.033555,-1.612763,0.002,0.0,0.19943,0.0,-0.189559,0.0,-31.492775,2.0,0,8,1
6.951,0.001198,0.294324,-0.080585,0.989012,-0.009577,-3.754751,0.002,0.0,0.182531,0.0,-1.027247,0.0,-28.824169,2.0,0,8,1
6.971,-0.001486,0.2879,-0.153847,-1.194139,0.053693,-4.033342,0.002,0.0,0.156469,0.0,-1.565386,0.0,-24.708548,2.0,0,8,1
6.995,-0.002924,0.222322,-0.051283,-3.714285,0.053692,-3.003692,0.002,0.0,0.113442,0.0,-2.069862,0.0,-17.914095,2.0,0,8,1
7.015,-0.002349,0.125296,0.036631,-5.443224,0.037394,-1.151217,0.002,0.0,0.068919,0.0,-2.359339,0.0,-10.883266,2.0,0,8,1
7.035,-0.001199,0.013409,0.036631,-5.531136,0.028775,0.726673,0.002,0.0,0.020065,0.0,-2.500595,0.0,-3.168464,2.0,0,8,1
7.055,0.000623,-0.083904,0.197802,-5.018314,-0.036438,2.003363,0.002,0.0,-0.030051,0.0,-2.484741,0.0,4.745526,2.0,0,8,1
7.075,0.003308,-0.163768,0.10989,-3.406593,-0.075736,2.676138,0.002,0.0,-0.07828,0.0,-2.312767,0.0,12.361465,2.0,0,8,1
7.102,0.003691,-0.211802,-0.051283,-0.798534,-0.06418,1.929395,0.001988,0.0,-0.136016,0.0,-1.842579,0.0,21.478752,2.0,0,8,1
7.122,0.002157,-0.207583,-0.065933,0.54945,-0.047937,0.713037,0.002,0.0,-0.168191,0.0,-1.359955,0.0,26.559584,2.0,0,8,1
7.15,0.001294,-0.185723,-0.080585,0.388279,-0.011511,-0.516985,0.002,0.0,-0.194905,0.0,-0.56365,0.0,30.778236,2.0,0,8,1
7.177,0.000719,-0.17163,0.007326,0.388279,-0.019174,-0.791487,0.002,0.0,-0.198577,0.0,0.299286,0.0,31.358007,2.0,0,8,1
7.197,0.001582,-0.17163,0.051283,-0.197802,-0.031638,-0.289613,0.002,0.0,-0.186416,0.0,0.910435,0.0,29.437658,2.0,0,8,1
7.225,0.001678,-0.175657,-0.007326,0.315018,-0.033555,0.89594,0.001994,0.0,-0.150846,0.0,1.650242,0.0,23.820644,2.0,0,8,1
7.245,0.001774,-0.166644,0.007326,0.358974,-0.03068,1.882108,0.002,0.0,-0.113463,0.0,2.069685,0.0,17.917336,2.0,0,8,1
7.272,0.001678,-0.126664,-0.007326,2.102566,-0.028747,2.240672,0.001993,0.0,-0.050946,0.0,2.430367,0.0,8.045062,2.0,0,8,1
7.294,0.001678,-0.055046,-0.007326,3.728939,-0.031159,0.966184,0.004,0.0,-0.001273,0.0,2.513223,0.0,0.201073,2.0,0,8,1
7.314,0.001678,0.028654,-0.021978,4.608059,-0.028763,0.261614,0.002,0.0,0.053361,0.0,2.422169,0.0,-8.426449,2.0,0,9,1
7.338,0.001869,0.130665,0.007326,3.699635,-0.037389,-1.023235,0.002,0.0,0.107145,0.0,2.122186,0.0,-16.919733,2.0,0,9,1
7.358,0.002061,0.21168,0.007326,3.860806,-0.046031,-2.426163,0.002,0.0,0.145776,0.0,1.720691,0.0,-23.020029,2.0,0,9,1
7.381,0.001869,0.275916,-0.021978,1.985348,-0.032596,-3.08435,0.002,0.0,0.179315,0.0,1.113104,0.0,-28.31632,2.0,0,9,1
7.401,0.001869,0.291256,-0.021978,0.095238,-0.037389,-2.807136,0.002,0.0,0.19571,0.0,0.517779,0.0,-30.905232,2.0,0,9,1
7.421,0.000719,0.272081,-0.051283,-1.531136,-0.009589,-1.926512,0.002,0.0,0.199808,0.0,-0.110068,0.0,-31.552433,2.0,0,9,1
7.441,-0.00024,0.229128,-0.051283,-2.395605,0.004792,-0.87769,0.002,0.0,0.191353,0.0,-0.731009,0.0,-30.217281,2.0,0,9,1
7.461,-4.8e-05,0.178027,0.007326,-2.615385,-0.003834,-0.028815,0.002,0.0,0.170875,0.0,-1.30603,0.0,-26.983576,2.0,0,9,1
7.489,0.001007,0.1159,0.051283,-2.0,-0.024924,0.220668,0.002,0.0,0.12557,0.0,-1.956171,0.0,-19.82917,2.0,0,9,1
7.509,0.001582,0.076879,0.007326,-1.838827,-0.036413,0.006943,0.002007,0.0,0.082913,0.0,-2.287132,0.0,-13.093021,2.0,0,9,1
7.536,0.001582,0.023189,0.007326,-2.454212,-0.036432,-0.279645,0.001999,0.0,0.01635,0.0,-2.504862,0.0,-2.581818,2.0,0,9,1
7.564,0.001486,-0.024845,-0.007326,-1.809525,-0.029721,-2.924469,0.002,0.0,-0.052129,0.0,-2.426401,0.0,8.231947,2.0,0,9,1
7.584,0.001582,-0.066838,0.007326,-2.21978,-0.03643,-1.038115,0.002,0.0,-0.098507,0.0,-2.187283,0.0,15.55562,2.0,0,9,1
7.607,0.001486,-0.128198,-0.021978,-2.820513,-0.029721,-0.339424,0.002,0.0,-0.144898,0.0,-1.732359,0.0,22.881426,2.0,0,9,1
7.627,0.001486,-0.183902,-0.007326,-2.673992,-0.029721,0.453583,0.002,0.0,-0.174628,0.0,-1.225149,0.0,27.576117,2.0,0,9,1
7.655,0.001486,-0.243249,-0.021978,-2.029305,-0.029721,1.613692,0.002,0.0,-0.197329,0.0,-0.409403,0.0,31.160891,2.0,0,9,1
7.678,0.001582,-0.270765,0.007326,-0.402931,-0.031638,2.186865,0.0055,0.0,-0.199231,0.0,0.220127,0.0,31.461363,2.0,0,9,1
7.698,0.001486,-0.260698,-0.021978,1.062271,-0.029721,2.124495,0.002,0.0,-0.185511,0.0,0.93919,0.0,29.294655,2.0,0,9,1
7.72,0.001198,-0.216595,-0.007326,2.527473,-0.023966,1.465509,0.002,0.0,-0.158068,0.0,1.539806,0.0,24.961081,2.0,0,9,1
7.74,0.001294,-0.154372,0.007326,3.406593,-0.025887,0.603298,0.002,0.0,-0.122632,0.0,1.985383,0.0,19.365263,2.0,0,9,1
7.764,0.001486,-0.069619,-0.021978,3.582417,-0.029721,-0.353827,0.002,0.0,-0.071346,0.0,2.347922,0.0,11.266427,2.0,0,9,1
7.784,0.001486,-0.008546,-0.007326,3.128204,-0.029721,-0.665684,0.002,0.0,-0.022642,0.0,2.497116,0.0,3.575506,2.0,0,9,1
7.807,0.001582,0.067004,0.021978,2.952381,-0.03643,-1.078232,0.002,0.0,0.036168,0.0,2.471838,0.0,-5.711341,2.0,0,10,1
7.827,0.001678,0.116476,-0.021978,2.205128,-0.033555,-1.015519,0.002,0.0,0.083946,0.0,2.281173,0.0,-13.256178,2.0,0,10,1
7.847,0.001582,0.153004,-0.007326,1.575092,-0.031638,-0.770438,0.002,0.0,0.126451,0.0,1.947188,0.0,-19.9683,2.0,0,10,1
7.867,0.001678,0.17774,0.007326,1.047619,-0.038347,-0.481708,0.002,0.0,0.161011,0.0,1.490869,0.0,-25.425888,2.0,0,10,1
7.887,0.001582,0.195572,-0.007326,0.813187,-0.026829,-0.335326,0.001993,0.0,0.185464,0.0,0.940654,0.0,-29.287239,2.0,0,10,1
7.915,0.001678,0.21283,0.007326,0.446886,-0.033555,-0.515566,0.002,0.0,0.199855,0.0,0.095852,0.0,-31.559757,2.0,0,10,1
7.942,0.001678,0.220213,0.007326,0.080585,-0.033555,-1.569721,0.002,0.0,0.190624,0.0,-0.760514,0.0,-30.102072,2.0,0,10,1
7.962,0.001582,0.213405,-0.007326,-0.54945,-0.031638,-1.532419,0.002,0.0,0.169587,0.0,-1.332296,0.0,-26.780035,2.0,0,10,1
7.99,0.001678,0.17889,-0.007326,-1.853479,-0.033555,-1.733737,0.002,0.0,0.123648,0.0,-1.975409,0.0,-19.525671,2.0,0,10,1
8.01,0.001678,0.132678,0.007326,-2.717949,-0.04314,-1.554741,0.002,0.0,0.080674,0.0,-2.29974,0.0,-12.739486,2.0,0,10,1
8.037,0.001582,0.042939,-0.021978,-3.509157,-0.026846,-0.760897,0.002,0.0,0.013915,0.0,-2.507184,0.0,-2.197314,2.0,0,10,1
8.065,0.001582,-0.06262,-0.007326,-3.772894,-0.030629,1.373449,0.0095,0.0,-0.036138,0.0,-2.471905,0.0,5.70676,2.0,0,10,1
8.085,0.001582,-0.126569,-0.007326,-2.600733,-0.031638,0.741243,0.002,0.0,-0.100633,0.0,-2.171949,0.0,15.891297,2.0,0,10,1
8.108,0.001965,-0.193681,0.021978,-2.43956,-0.04889,1.442961,0.002,0.0,-0.146576,0.0,-1.709928,0.0,23.14633,2.0,0,10,1
8.128,0.001678,-0.229826,-0.021978,-1.326008,-0.028763,1.526784,0.002,0.0,-0.175809,0.0,-1.198173,0.0,27.762665,2.0,0,10,1
8.156,0.001678,-0.239701,-0.021978,0.256411,-0.028763,1.019644,0.002,0.0,-0.197713,0.0,-0.379012,0.0,31.221544,2.0,0,10,1
8.176,0.001774,-0.225224,-0.021978,0.989012,-0.040264,0.541736,0.002,0.0,-0.199002,0.0,0.250716,0.0,31.425196,2.0,0,10,1
8.198,0.001678,-0.198667,-0.007326,1.252747,-0.033555,0.231575,0.002,0.0,-0.185535,0.0,0.938414,0.0,29.298586,2.0,0,10,1
8.222,0.001774,-0.165686,0.007326,1.472527,-0.040264,0.245514,0.002,0.0,-0.155772,0.0,1.576317,0.0,24.598557,2.0,0,10,1
8.242,0.001774,-0.135197,0.007326,1.56044,-0.040264,0.474504,0.002,0.0,-0.119685,0.0,2.01358,0.0,18.899935,2.0,0,10,1
8.265,0.001869,-0.094067,-0.021978,2.029305,-0.04695,0.772986,0.002005,0.0,-0.067874,0.0,2.364119,0.0,10.718236,2.0,0,10,1
8.285,0.001678,-0.050635,-0.007326,2.454212,-0.033555,0.892846,0.002,0.0,-0.018958,0.0,2.501957,0.0,2.993803,2.0,0,10,1
8.305,0.001774,0.007082,-0.007326,3.260075,-0.040264,1.173574,0.002,0.0,0.044854,0.0,3.67388,0.0,-15.936897,3.0,1,0,0
8.325,0.001678,0.08081,-0.007326,4.021976,-0.028763,0.799429,0.002,0.0,0.113454,0.0,3.104643,0.0,-40.310844,3.0,1,0,0
8.345,0.001774,0.16633,0.007326,4.285713,-0.035472,-0.391135,0.002,0.0,0.166119,0.0,2.099371,0.0,-59.023109,3.0,1,0,0
8.373,0.001869,0.270643,-0.036631,3.802197,-0.027794,-2.830054,0.002,0.0,0.199478,0.0,0.272161,0.0,-70.87574,3.0,1,0,0
8.393,0.001774,0.324812,-0.021978,1.868132,-0.035472,-4.57593,0.002,0.0,0.190785,0.0,-1.131124,0.0,-67.787132,3.0,1,0,0
8.42,-0.002061,0.313499,-0.227106,-2.131868,0.060407,-5.398537,0.002,0.0,0.135991,0.0,-2.764308,0.0,-48.318268,3.0,1,0,0
8.448,-0.006088,0.182917,-0.095238,-6.424908,0.128825,-2.258156,0.0095,0.0,0.072455,0.0,-3.513828,0.0,-25.743595,3.0,1,0,0
8.468,-0.005225,0.028654,0.080585,-8.388279,0.099711,-0.882686,0.002,0.0,-0.029424,0.0,-3.72889,0.0,10.454508,3.0,1,0,0
8.49,-4.8e-05,-0.157536,0.241758,-7.318682,-0.02301,2.135761,0.002,0.0,-0.108242,0.0,-3.170068,0.0,38.459099,3.0,1,0,0
8.51,0.006663,-0.302499,0.373627,-6.571428,-0.162031,4.952551,0.002,0.0,-0.162539,0.0,-2.196691,0.0,57.751003,3.0,1,0,0
8.534,0.012032,-0.393102,0.065933,-2.073259,-0.240645,6.064569,0.002,0.0,-0.196802,0.0,-0.671476,0.0,69.924873,3.0,1,0,0
8.554,0.009827,-0.382076,-0.183149,2.029305,-0.172587,5.232567,0.002,0.0,-0.196096,0.0,0.741279,0.0,69.673882,3.0,1,0,0
8.581,0.000335,-0.255041,-0.315018,6.205128,0.012472,2.362947,0.002,0.0,-0.15085,0.0,2.475269,0.0,53.597988,3.0,1,0,0
8.609,-0.005896,-0.058114,-0.212454,7.494507,0.122719,-0.952136,0.002,0.0,-0.065972,0.0,3.558912,0.0,23.440071,3.0,1,0,0
8.629,-0.006184,0.076879,0.051283,7.347984,0.114093,-2.782805,0.002,0.0,0.008166,0.0,3.766768,0.0,-2.90132,3.0,1,1,0
8.651,-0.001582,0.20516,0.256411,5.032967,-0.001919,-3.819289,0.002,0.0,0.087988,0.0,3.385487,0.0,-31.262487,3.0,1,1,0
8.671,-0.000815,0.274382,-0.021978,2.468864,0.021091,-3.748286,0.002,0.0,0.147926,0.0,2.5372,0.0,-52.558998,3.0,1,1,0
8.698,-0.000911,0.293653,-0.007326,-0.388279,0.0278,-2.698775,0.002,0.0,0.195183,0.0,0.822389,0.0,-69.349739,3.0,1,1,0
8.722,-0.001007,0.256453,-0.007326,-2.146521,0.020132,-1.859206,0.002,0.0,0.195045,0.0,-0.833925,0.0,-69.300774,3.0,1,1,0
8.742,-0.000911,0.204585,0.007326,-2.893772,0.018215,-1.076664,0.002,0.0,0.165062,0.0,-2.128785,0.0,-58.647594,3.0,1,1,0
8.765,-0.000911,0.129035,-0.007326,-3.465202,0.013423,-0.782386,0.002,0.0,0.100725,0.0,-3.25691,0.0,-35.7882,3.0,1,1,0
8.785,-0.001007,0.057512,-0.007326,-3.728937,0.020132,-0.868476,0.002,0.0,0.030045,0.0,-3.727129,0.0,-10.675301,3.0,1,1,0
8.805,-0.001007,-0.021297,-0.007326,-4.051283,0.020132,-0.681283,0.002,0.0,-0.044854,0.0,-3.673882,0.0,15.93679,3.0,1,1,0
8.825,-0.000911,-0.105092,0.007326,-4.212454,0.018215,-0.079817,0.002,0.0,-0.113453,0.0,-3.104649,0.0,40.310669,3.0,1,1,0
8.845,-0.000815,-0.184285,0.007326,-3.597069,0.016298,0.760287,0.002,0.0,-0.166119,0.0,-2.099375,0.0,59.023067,3.0,1,1,0
8.873,0.000527,-0.27182,0.021978,-2.673992,-0.010548,2.562816,0.002,0.0,-0.199478,0.0,-0.272167,0.0,70.875725,3.0,1,1,0
8.893,0.000911,-0.304225,0.007326,-0.681318,-0.018215,3.683758,0.002,0.0,-0.190785,0.0,1.131132,0.0,67.787087,3.0,1,1,0
8.92,0.001007,-0.267409,-0.007326,2.79121,-0.024924,3.851499,0.002,0.0,-0.135991,0.0,2.764307,0.0,48.318291,3.0,1,1,0
8.94,0.000527,-0.179204,-0.065933,5.194138,-0.000963,2.80821,0.002,0.0,-0.072455,0.0,3.513828,0.0,25.743591,3.0,1,1,0
8.968,0.000623,0.003726,-0.007326,7.157509,-0.012465,0.10966,0.002,0.0,0.029424,0.0,3.72889,0.0,-10.454509,3.0,1,2,0
8.99,0.000815,0.150607,-0.007326,6.0,-0.016298,-1.930939,0.002,0.0,0.106634,0.0,3.189376,0.0,-37.887669,3.0,1,2,0
9.01,0.00302,0.278313,0.095238,5.604397,-0.065193,-4.152243,0.002,0.0,0.161433,0.0,2.225478,0.0,-57.358059,3.0,1,2,0
9.033,0.002349,0.364792,-0.10989,2.454212,-0.0326,-5.362541,0.002,0.0,0.196457,0.0,0.706411,0.0,-69.802467,3.0,1,2,0
9.053,0.001198,0.370066,-0.095238,-0.959707,0.0048,-5.149472,0.002,0.0,0.196458,0.0,-0.706401,0.0,-69.802506,3.0,1,2,0
9.077,-0.005513,0.296433,-0.271063,-4.490843,0.143811,-3.615902,0.002,0.0,0.161434,0.0,-2.225463,0.0,-57.358253,3.0,1,2,0
9.097,-0.006855,0.18215,-0.051283,-6.351648,0.1371,-1.684023,0.002,0.0,0.106635,0.0,-3.189365,0.0,-37.888008,3.0,1,2,0
9.117,-0.004937,0.044952,0.139194,-6.952381,0.089151,0.341425,0.002,0.0,0.036859,0.0,-3.705337,0.0,-13.096148,3.0,1,2,0
9.137,-0.000623,-0.078247,0.212454,-5.882784,-0.001912,1.68089,0.002,0.0,-0.038093,0.0,-3.700901,0.0,13.534532,3.0,1,2,0
9.157,0.004075,-0.192722,0.271063,-4.989012,-0.110253,2.788201,0.002,0.0,-0.107695,0.0,-3.176686,0.0,38.264591,3.0,1,2,0
9.184,0.009156,-0.284954,0.10989,-2.146521,-0.192741,3.239948,0.001993,0.0,-0.177058,0.0,-1.753171,0.0,62.909596,3.0,1,2,0
9.212,0.00628,-0.290611,-0.197802,1.032967,-0.107427,2.528626,0.0095,0.0,-0.19886,0.0,-0.401928,0.0,70.656136,3.0,1,2,0
9.232,0.001774,-0.249193,-0.256411,2.644688,-0.011499,1.686145,0.002,0.0,-0.183301,0.0,1.508059,0.0,65.127846,3.0,1,2,0
9.259,4.8e-05,-0.154564,-0.153847,3.919415,0.013418,0.832609,0.002,0.0,-0.119582,0.0,3.021829,0.0,42.488007,3.0,1,2,0
9.279,-0.001007,-0.068372,-0.036631,4.344322,0.02971,0.313776,0.002001,0.0,-0.052169,0.0,3.6394,0.0,18.535912,3.0,1,2,0
9.307,4.8e-05,0.058279,0.051283,4.637363,-0.000958,-0.430227,0.002,0.0,0.050346,0.0,3.648509,0.0,-17.888332,3.0,1,3,1
9.327,0.001965,0.139677,0.065933,4.534798,-0.048891,-1.063689,0.002,0.0,0.118065,0.0,3.042941,0.0,-41.949219,3.0,1,3,1
9.354,0.002061,0.250605,0.007326,3.53846,-0.041227,-2.452978,0.001998,0.0,0.182542,0.0,1.540422,0.0,-64.858177,3.0,1,3,1
9.382,0.001869,0.310144,0.007326,1.120878,-0.042181,-3.628362,0.002,0.0,0.199052,0.0,-0.366564,0.0,-70.724434,3.0,1,3,1
9.402,0.000719,0.304103,-0.139194,-1.238094,0.00958,-3.896043,0.002,0.0,0.177915,0.0,-1.722044,0.0,-63.214333,3.0,1,3,1
9.425,-0.002828,0.239771,-0.124542,-3.802198,0.06136,-3.410919,0.002,0.0,0.121587,0.0,-2.993266,0.0,-43.200409,3.0,1,3,1
9.445,-0.003787,0.140156,-0.021978,-5.648352,0.070948,-2.161877,0.002,0.0,0.054591,0.0,-3.626758,0.0,-19.396355,3.0,1,3,1
9.467,-0.002061,-0.001739,0.10989,-6.776556,0.026851,-0.201546,0.002,0.0,-0.027558,0.0,-3.733952,0.0,9.791447,3.0,1,3,1
9.491,-0.000719,-0.148812,0.036631,-5.208792,4e-06,0.081038,0.002,0.0,-0.109804,0.0,-3.150926,0.0,39.014004,3.0,1,3,1
9.511,0.004266,-0.263095,0.124542,-4.842491,-0.099702,3.38956,0.002,0.0,-0.163629,0.0,-2.167734,0.0,58.138466,3.0,1,3,1
9.534,0.006567,-0.337398,-0.021978,-1.897436,-0.131345,4.347281,0.001997,0.0,-0.197131,0.0,-0.636286,0.0,70.041695,3.0,1,3,1
9.554,0.004266,-0.336056,-0.153847,1.164835,-0.066144,4.032541,0.002,0.0,-0.195716,0.0,0.776059,0.0,69.539185,3.0,1,3,1
9.574,0.001486,-0.279106,-0.051283,3.787544,-0.029721,2.920083,0.002,0.0,-0.166816,0.0,2.079635,0.0,59.270836,3.0,1,3,1
9.594,-0.000335,-0.181026,-0.153847,5.399269,0.030669,1.465406,0.002,0.0,-0.114487,0.0,3.091141,0.0,40.677841,3.0,1,3,1
9.614,-0.001486,-0.061373,-0.007326,6.146519,0.024929,-0.033892,0.002,0.0,-0.046078,0.0,3.668493,0.0,16.371908,3.0,1,3,1
9.642,-0.000911,0.09615,0.007326,5.970696,0.018215,-1.681278,0.002,0.0,0.0564,0.0,3.616905,0.0,-20.039366,3.0,1,4,1
9.662,0.001582,0.202763,0.197802,4.857143,-0.05561,-2.789275,0.002,0.0,0.123077,0.0,2.971552,0.0,-43.729794,3.0,1,4,1
9.689,0.002924,0.294803,-0.007326,2.117218,-0.053692,-3.396152,0.002,0.0,0.185015,0.0,1.43174,0.0,-65.737007,3.0,1,4,1
9.709,0.001869,0.313116,-0.021978,0.051283,-0.037389,-3.419227,0.002,0.0,0.199984,0.0,0.047379,0.0,-71.055542,3.0,1,4,1
9.737,-0.001294,0.269684,-0.197802,-2.673992,0.040276,-2.721066,0.002,0.0,0.174958,0.0,-1.826517,0.0,-62.163727,3.0,1,4,1
9.759,-0.003116,0.189245,-0.065933,-4.212454,0.062318,-1.893622,0.002002,0.0,0.121087,0.0,-3.000448,0.0,-43.023022,3.0,1,4,1
9.779,-0.002541,0.092315,0.065933,-5.106228,0.041215,-0.933153,0.002,0.0,0.053986,0.0,-3.629969,0.0,-19.181721,3.0,1,4,1
9.806,-0.001294,-0.056675,-0.036631,-5.721611,0.035484,0.581725,0.002,0.0,-0.048519,0.0,-3.657294,0.0,17.239157,3.0,1,4,1
9.826,0.001102,-0.151113,0.197802,-4.798534,-0.050802,1.422987,0.002,0.0,-0.116537,0.0,-3.063796,0.0,41.406372,3.0,1,4,1
9.854,0.004266,-0.265396,0.10989,-3.377289,-0.094909,2.775317,0.002,0.0,-0.181759,0.0,-1.57295,0.0,64.580185,3.0,1,4,1
9.876,0.003883,-0.307965,-0.051283,-0.959707,-0.077658,3.233838,0.002,0.0,-0.199996,0.0,-0.023719,0.0,71.059753,3.0,1,4,1
9.896,0.001774,-0.297514,-0.080585,1.311356,-0.03068,3.249794,0.002,0.0,-0.186415,0.0,1.365724,0.0,66.234215,3.0,1,4,1
9.92,0.00139,-0.228963,-0.095238,3.875458,-0.01822,2.418023,0.002,0.0,-0.137368,0.0,2.740005,0.0,48.807636,3.0,1,4,1
9.94,0.000335,-0.133759,-0.021978,5.194138,-0.006709,1.400385,0.002,0.0,-0.074211,0.0,3.500781,0.0,26.367586,3.0,1,4,1
9.963,0.001486,0.002863,0.080585,5.809525,-0.034514,-0.176853,0.002,0.0,0.012556,0.0,3.762475,0.0,-4.461118,3.0,1,5,1
9.983,0.001774,0.110723,-0.007326,4.857143,-0.040264,-1.003542,0.002,0.0,0.085153,0.0,3.41114,0.0,-30.255486,3.0,1,5,1
10.003,0.004362,0.219733,0.10989,4.886448,-0.101635,-2.688652,0.002,0.0,0.145791,0.0,2.58073,0.0,-51.800507,3.0,1,5,1
10.023,0.004458,0.296529,-0.036631,3.054947,-0.089164,-3.639629,0.002,0.0,0.185954,0.0,1.387871,0.0,-66.070442,3.0,1,5,1
10.043,0.001869,0.329031,-0.139194,0.710623,-0.027792,-4.012153,0.002,0.0,0.2,0.0,7.9e-05,0.0,-71.061157,3.0,1,5,1
10.071,-0.001678,0.293653,-0.256411,-2.586081,0.052724,-3.498771,0.002,0.0,0.173728,0.0,-1.867771,0.0,-61.726658,3.0,1,5,1
10.091,-0.005417,0.21609,-0.197802,-4.534798,0.122714,-2.439442,0.002,0.0,0.125052,0.0,-2.942107,0.0,-44.431549,3.0,1,5,1
10.118,-0.005033,0.059909,0.080585,-6.278389,0.095877,-0.421047,0.002,0.0,0.031291,0.0,-3.723486,0.0,-11.117706,3.0,1,5,1
10.146,-0.000144,-0.103654,0.153847,-5.282051,-0.011514,1.202009,0.002,0.0,-0.070692,0.0,-3.526564,0.0,25.117184,3.0,1,5,1
10.166,0.002924,-0.210268,0.124542,-4.76923,-0.077664,2.525237,0.002,0.0,-0.1346,0.0,-2.788387,0.0,47.82415,3.0,1,5,1
10.193,0.006663,-0.303458,0.036631,-2.293041,-0.128474,3.479046,0.002,0.0,-0.19021,0.0,-1.165038,0.0,67.582741,3.0,1,5,1
10.213,0.005129,-0.313717,-0.10989,0.315018,-0.08821,3.268732,0.002,0.0,-0.199606,0.0,0.236641,0.0,70.921021,3.0,1,5,1
10.235,0.001486,-0.27297,-0.10989,2.688644,-0.020138,2.529017,0.002,0.0,-0.177629,0.0,1.732503,0.0,63.112713,3.0,1,5,1
10.259,0.000527,-0.182656,-0.095238,4.476189,-0.005755,2.706214,0.002,0.0,-0.12109,0.0,3.000413,0.0,43.023884,3.0,1,5,1
10.279,-0.000719,-0.080836,-0.021978,5.384617,0.009589,0.444446,0.002,0.0,-0.053989,0.0,3.629954,0.0,19.182762,3.0,1,5,1
10.302,0.000335,0.045336,0.065933,5.135532,-0.016293,-0.626691,0.002,0.0,0.033762,0.0,3.715806,0.0,-11.995988,3.0,1,6,1
10.322,0.001965,0.144375,0.036631,5.135532,-0.044098,-1.588546,0.002,0.0,0.10396,0.0,3.220585,0.0,-36.937752,3.0,1,6,1
10.342,0.002636,0.233635,0.051283,3.948719,-0.052729,-2.578669,0.002,0.0,0.159557,0.0,2.273032,0.0,-56.691612,3.0,1,6,1
10.37,0.001965,0.304487,-0.065933,1.487179,-0.03325,-3.712589,0.0095,0.0,0.192744,0.0,1.006246,0.0,-68.483063,3.0,1,6,1
10.39,0.001774,0.307555,-0.036631,-0.681318,-0.021084,-3.469218,0.002,0.0,0.193872,0.0,-0.926046,0.0,-68.883904,3.0,1,6,1
10.41,-0.001678,0.270068,-0.168499,-2.65934,0.052704,-3.183182,0.002002,0.0,0.16216,0.0,-2.206607,0.0,-57.616528,3.0,1,6,1
10.43,-0.0035,0.195189,-0.080585,-4.388279,0.079587,-2.441659,0.002,0.0,0.107695,0.0,-3.176678,0.0,-38.264812,3.0,1,6,1
10.457,-0.002636,0.043802,0.065933,-5.956043,0.03834,-0.674268,0.002,0.0,0.01005,0.0,-3.765149,0.0,-3.570648,3.0,1,6,1
10.477,-0.000911,-0.079302,0.021978,-6.058609,0.013423,0.88198,0.002,0.0,-0.06419,0.0,-3.570467,0.0,22.807188,3.0,1,6,1
10.505,0.003308,-0.227238,0.124542,-5.238094,-0.070944,2.809013,0.002,0.0,-0.149607,0.0,-2.501932,0.0,53.156315,3.0,1,6,1
10.528,0.005992,-0.311224,0.021978,-2.527473,-0.124636,3.692338,0.002,0.0,-0.19206,0.0,-1.051717,0.0,68.239883,3.0,1,6,1
10.548,0.00465,-0.328002,-0.095238,0.139194,-0.083413,3.788525,0.002,0.0,-0.199112,0.0,0.354852,0.0,70.745659,3.0,1,6,1
10.576,0.002061,-0.266546,0.007326,3.641026,-0.050824,2.718501,0.002,0.0,-0.163627,0.0,2.167793,0.0,58.137676,3.0,1,6,1
10.596,0.00024,-0.174794,-0.10989,5.12088,0.004793,1.493342,0.002,0.0,-0.109799,0.0,3.150986,0.0,39.012299,3.0,1,6,1
10.623,4.8e-05,-0.012669,0.036631,6.073261,-0.010543,-0.521445,0.002,0.0,-0.012552,0.0,3.762479,0.0,4.459887,3.0,1,6,1
10.651,0.001678,0.138814,-0.021978,5.677654,-0.02397,0.851118,0.002,0.0,0.087994,0.0,3.385427,0.0,-31.264776,3.0,1,7,1
10.671,0.003308,0.236511,0.095238,4.256409,-0.075737,-2.995815,0.002,0.0,0.147931,0.0,2.537091,0.0,-52.560871,3.0,1,7,1
10.693,0.003116,0.30324,-0.065933,2.117218,-0.052733,-3.629859,0.002,0.0,0.189622,0.0,1.198604,0.0,-67.373863,3.0,1,7,1
10.713,0.002061,0.316663,0.007326,-0.197802,-0.055617,-3.541353,0.002,0.0,0.199715,0.0,-0.201352,0.0,-70.959724,3.0,1,7,1
10.736,-0.001486,0.277066,-0.197802,-2.542124,0.048903,-2.932541,0.002,0.0,0.175861,0.0,-1.795465,0.0,-62.484329,3.0,1,7,1
10.76,-0.003691,0.186369,-0.065933,-4.461538,0.079056,-1.07913,0.0055,0.0,0.128445,0.0,-2.889704,0.0,-45.637127,3.0,1,7,1
10.78,-0.003403,0.086658,0.036631,-5.35531,0.063264,-0.841023,0.002,0.0,0.050339,0.0,-3.648547,0.0,-17.885567,3.0,1,7,1
10.8,-0.00139,-0.02427,0.095238,-5.56044,0.023012,0.24323,0.002,0.0,-0.024452,0.0,-3.74163,0.0,8.687916,3.0,1,7,1
10.82,-0.000911,-0.122542,0.051283,-4.32967,-0.000965,0.886957,0.002,0.0,-0.095807,0.0,-3.309208,0.0,34.040943,3.0,1,7,1
10.84,0.002828,-0.216116,0.080585,-4.139194,-0.061371,2.098104,0.002,0.0,-0.153707,0.0,-2.412016,0.0,54.613018,3.0,1,7,1
10.86,0.004362,-0.280065,0.021978,-2.498169,-0.087247,2.831417,0.002008,0.0,-0.190019,0.0,-1.176051,0.0,67.514931,3.0,1,7,1
10.887,0.002541,-0.301637,-0.124542,0.402931,-0.046018,3.095914,0.001999,0.0,-0.195969,0.0,0.753115,0.0,69.628769,3.0,1,7,1
10.915,0.002061,-0.242769,-0.036631,3.157509,-0.046031,2.541515,0.002,0.0,-0.15043,0.0,2.484335,0.0,53.44875,3.0,1,7,1
10.935,0.000815,-0.156194,-0.065933,4.959705,-0.011506,1.538461,0.002,0.0,-0.091347,0.0,3.353723,0.0,32.456139,3.0,1,7,1
10.962,0.001678,-0.001739,0.036631,6.117218,-0.033555,-0.188197,0.002,0.0,0.008806,0.0,3.766256,0.0,-3.12867,3.0,1,8,1
10.982,0.001869,0.105833,0.007326,4.798534,-0.037389,-1.010618,0.001994,0.0,0.081762,0.0,3.440492,0.0,-29.050632,3.0,1,8,1
11.01,0.004554,0.250796,0.036631,4.564102,-0.086288,-3.204262,0.002,0.0,0.161441,0.0,2.22526,0.0,-57.361061,3.0,1,8,1
11.032,0.003308,0.321265,-0.10989,2.175823,-0.056549,-3.757755,0.001996,0.0,0.195325,0.0,0.810306,0.0,-69.400253,3.0,1,8,1
11.052,0.001869,0.333345,0.007326,-0.446886,-0.037389,-4.144047,0.002,0.0,0.197436,0.0,-0.601687,0.0,-70.150253,3.0,1,8,1
11.075,-0.002541,0.282627,-0.212454,-3.201466,0.065188,-3.34449,0.002,0.0,0.164699,0.0,-2.138755,0.0,-58.518566,3.0,1,8,1
11.095,-0.005704,0.193559,-0.095238,-5.062271,0.118879,-2.149524,0.002,0.0,0.111363,0.0,-3.131425,0.0,-39.567936,3.0,1,8,1
11.119,-0.005129,0.055019,0.065933,-6.175825,0.093002,-0.391538,0.002,0.0,0.029408,0.0,-3.728934,0.0,-10.448934,3.0,1,8,1
11.139,-0.001199,-0.067605,0.212454,-5.765568,0.004802,0.931709,0.002,0.0,-0.045481,0.0,-3.671142,0.0,16.159588,3.0,1,8,1
11.159,0.001294,-0.17489,0.139194,-5.428572,-0.04986,2.199191,0.002,0.0,-0.113983,0.0,-3.09775,0.0,40.498806,3.0,1,8,1
11.179,0.0058,-0.260506,0.212454,-3.538462,-0.135174,2.976842,0.002,0.0,-0.166478,0.0,-2.089253,0.0,59.150539,3.0,1,8,1
11.199,0.00628,-0.304513,-0.007326,-1.252747,-0.120802,3.203423,0.002,0.0,-0.195589,0.0,-0.787365,0.0,69.494019,3.0,1,8,1
11.226,0.002253,-0.289556,-0.197802,1.750916,-0.025892,2.701515,0.002,0.0,-0.190591,0.0,1.142718,0.0,67.718002,3.0,1,8,1
11.246,0.002061,-0.232127,0.007326,3.421246,-0.041227,2.002683,0.002,0.0,-0.154889,0.0,2.385001,0.0,55.032963,3.0,1,8,1
11.274,4.8e-05,-0.108065,-0.051283,5.106228,-0.000958,0.715304,0.002006,0.0,-0.071852,0.0,3.518224,0.0,25.529339,3.0,1,8,1
11.301,0.001774,0.038145,0.095238,5.34066,-0.045056,-0.623499,0.002,0.0,0.030064,0.0,3.727074,0.0,-10.682079,3.0,1,9,1
11.321,0.001869,0.134212,-0.007326,4.783882,-0.042181,-1.484291,0.002,0.0,0.100742,0.0,3.256721,0.0,-35.7943,3.0,1,9,1
11.349,0.003787,0.255207,0.007326,3.802197,-0.080533,-2.913363,0.002,0.0,0.173112,0.0,1.888,0.0,-61.507599,3.0,1,9,1
11.369,0.002253,0.305637,-0.10989,1.736263,-0.040269,-3.508765,0.002,0.0,0.197827,0.0,0.55417,0.0,-70.289207,3.0,1,9,1
11.396,0.000335,0.30487,-0.183149,-1.238094,0.012472,-3.605927,0.002,0.0,0.186405,0.0,-1.36618,0.0,-66.230873,3.0,1,9,1
11.42,-0.003403,0.2391,-0.139194,-3.758242,0.082446,-3.943319,0.002,0.0,0.137347,0.0,-2.74037,0.0,-48.800343,3.0,1,9,1
11.44,-0.004554,0.144375,-0.021978,-5.35531,0.091081,-1.808998,0.002,0.0,0.074184,0.0,-3.500984,0.0,-26.358015,3.0,1,9,1
11.462,-0.003116,0.014081,0.065933,-6.175825,0.052733,-0.253925,0.002,0.0,-0.006937,0.0,-3.767643,0.0,2.464779,3.0,1,9,1
11.482,-0.000911,-0.105859,0.036631,-5.516483,0.018215,0.979042,0.002,0.0,-0.080032,0.0,-3.454918,0.0,28.435818,3.0,1,9,1
11.504,0.003116,-0.221197,0.256411,-4.915751,-0.081497,2.560155,0.002,0.0,-0.147097,0.0,-2.554278,0.0,52.264271,3.0,1,9,1
11.527,0.005225,-0.306622,0.021978,-2.43956,-0.107993,3.93152,0.0055,0.0,-0.186651,0.0,-1.354192,0.0,66.318291,3.0,1,9,1
11.547,0.004458,-0.323017,-0.080585,0.080585,-0.07958,3.596743,0.002,0.0,-0.19943,0.0,0.284511,0.0,70.858505,3.0,1,9,1
11.575,0.002061,-0.26693,-0.021978,3.347984,-0.046031,2.664996,0.002,0.0,-0.165751,0.0,2.109695,0.0,58.892178,3.0,1,9,1
11.595,0.000911,-0.179108,-0.10989,4.842491,-0.003837,1.540509,0.002,0.0,-0.112909,0.0,3.111695,0.0,40.117184,3.0,1,9,1
11.618,0.000815,-0.048526,0.021978,5.692307,-0.016298,0.061708,0.002,0.0,-0.031254,0.0,3.723597,0.0,11.104582,3.0,1,9,1
11.638,0.001869,0.061539,0.007326,4.915752,-0.032597,-0.804803,0.002,0.0,0.043662,0.0,3.678981,0.0,-15.513213,3.0,1,10,1
11.658,0.003116,0.167577,0.139194,5.223442,-0.086291,-2.100694,0.002,0.0,0.112446,0.0,3.117646,0.0,-39.952667,3.0,1,10,1
11.678,0.004458,0.251851,0.021978,3.67033,-0.093956,-2.954528,0.002,0.0,0.165436,0.0,2.118442,0.0,-58.78051,3.0,1,10,1
11.698,0.002828,0.301419,-0.124542,1.750916,-0.04219,-3.413627,0.002,0.0,0.195192,0.0,0.821674,0.0,-69.352753,3.0,1,10,1
11.726,0.00139,0.300556,-0.10989,-1.223444,-0.013409,-3.342923,0.001997,0.0,0.191144,0.0,-1.109395,0.0,-67.914604,3.0,1,10,1
11.746,-0.002253,0.251851,-0.168499,-3.098902,0.064242,-2.786188,0.002,0.0,0.15606,0.0,-2.357723,0.0,-55.449013,3.0,1,10,1
11.773,-0.004075,0.131336,-0.036631,-5.282051,0.081491,-1.478398,0.002,0.0,0.073585,0.0,-3.505477,0.0,-26.144989,3.0,1,10,1
11.801,-0.002061,-0.02542,0.10989,-5.970696,0.026827,-2.78221,0.001997,0.0,-0.028236,0.0,-3.732153,0.0,10.032278,3.0,1,10,1
11.821,-0.001102,-0.133376,-0.007326,-4.373627,0.022049,1.055165,0.002,0.0,-0.099131,0.0,-3.274241,0.0,35.22184,3.0,1,10,1
11.848,0.003403,-0.261081,0.080585,-3.992674,-0.077639,2.95038,0.002003,0.0,-0.172172,0.0,-1.918302,0.0,61.173553,3.0,1,10,1
11.868,0.004746,-0.312375,0.021978,-1.648352,-0.094914,3.494759,0.002,0.0,-0.197545,0.0,-0.588868,0.0,70.188889,3.0,1,10,1
11.896,0.002061,-0.302595,-0.139194,1.663004,-0.031643,3.284123,0.002,0.0,-0.187072,0.0,1.33343,0.0,66.467598,3.0,1,10,1
11.918,0.001869,-0.230018,-0.036631,3.904762,-0.033124,1.784138,0.0045,0.0,-0.147891,0.0,2.537921,0.0,52.546627,3.0,1,10,1
11.938,0.000431,-0.132417,-0.065933,5.282051,-0.008626,1.142036,0.002,0.0,-0.079381,0.0,3.460247,0.0,28.204662,3.0,1,10,1
11.962,0.001294,0.003055,0.080585,5.677654,-0.035459,-1.162724,0.002005,0.0,0.0,0.0,5.026548,0.0,0.0,4.0,2,0,0
11.982,0.001774,0.112736,-0.021978,4.871796,-0.035472,-0.568294,0.002,0.0,0.09635,0.0,4.404803,0.0,-60.860153,4.0,2,0,0
12.005,0.005033,0.24188,0.139194,5.032967,-0.110249,-2.417563,0.002,0.0,0.177627,0.0,2.310108,0.0,-112.199005,4.0,2,0,0
12.025,0.005033,0.324812,-0.036631,3.377289,-0.091068,-4.365519,0.002,0.0,0.199937,0.0,-0.126315,0.0,-126.291046,4.0,2,0,0
12.045,0.001869,0.355876,-0.212454,0.446886,-0.023001,-6.036471,0.002,0.0,0.172785,0.0,-2.531478,0.0,-109.140381,4.0,2,0,0
12.065,-0.001678,0.318101,-0.373627,-3.274725,0.081489,-6.637052,0.002,0.0,0.102888,0.0,-4.310396,0.0,-64.989784,4.0,2,0,0
12.085,-0.008005,0.202955,-0.300365,-7.098902,0.184069,-5.451649,0.002,0.0,0.007538,0.0,-5.022976,0.0,-4.76168,4.0,2,0,0
12.113,-0.009252,-0.066838,0.095238,-11.289377,0.175457,-0.292138,0.002,0.0,-0.121586,0.0,-3.991031,0.0,76.800407,4.0,2,0,0
12.133,-0.000335,-0.278339,0.476191,-9.868132,-0.031639,4.442904,0.002,0.0,-0.183048,0.0,-2.025234,0.0,115.623222,4.0,2,0,0
12.16,0.016059,-0.496263,0.637363,-4.75458,-0.397884,9.825014,0.002,0.0,-0.192406,0.0,1.371999,0.0,121.533905,4.0,2,0,0
12.188,0.015867,-0.398183,0.065933,6.893772,-0.360486,10.0,0.002,0.0,-0.113454,0.0,4.139529,0.0,71.663536,4.0,2,0,0
12.208,0.002445,-0.207008,-0.930403,11.523811,0.008634,4.26326,0.002,0.0,-0.020073,0.0,5.001168,0.0,12.679085,4.0,2,0,0
12.231,-0.007143,0.093178,-0.578754,13.34066,0.181201,-1.758374,0.002,0.0,0.094141,0.0,4.434882,0.0,-59.464382,4.0,2,1,0
12.251,-0.006376,0.328551,0.051283,11.333332,0.103537,-6.437054,0.002,0.0,0.167506,0.0,2.74648,0.0,-105.805672,4.0,2,1,0
12.279,-0.0058,0.554146,-0.021978,5.384617,0.120814,-10.0,0.002,0.0,0.198722,0.0,-0.567284,0.0,-125.523834,4.0,2,1,0
12.302,-0.013854,0.599495,-0.432234,-0.388279,0.327634,-10.0,0.0055,0.0,0.163268,0.0,-2.903195,0.0,-103.128944,4.0,2,1,0
12.322,-0.022195,0.534492,-0.388279,-4.930403,0.472667,-10.0,0.002,0.0,0.071282,0.0,-4.69645,0.0,-45.025841,4.0,2,1,0
12.345,-0.023537,0.344083,0.051283,-10.879122,0.451603,-10.0,0.002004,0.0,-0.039942,0.0,-4.92529,0.0,25.229469,4.0,2,1,0
12.365,-0.014429,0.069976,0.564102,-15.421246,0.216677,-3.856962,0.002,0.0,-0.129411,0.0,-3.832453,0.0,81.743233,4.0,2,1,0
12.388,0.008965,-0.313813,1.062271,-14.893773,-0.294516,5.865754,0.001997,0.0,-0.19241,0.0,-1.371655,0.0,121.536369,4.0,2,1,0
12.408,0.043,-0.484279,1.472527,3.978024,-0.93669,8.050702,0.002,0.0,-0.194905,0.0,1.12731,0.0,123.112885,4.0,2,1,0
12.432,0.044822,-0.373064,0.725275,8.534798,-0.968338,5.994714,0.002,0.0,-0.13691,0.0,3.664193,0.0,86.479568,4.0,2,1,0
12.452,0.029769,-0.18093,-0.285715,12.10989,-0.609761,2.25401,0.002,0.0,-0.049738,0.0,4.868633,0.0,31.416964,4.0,2,1,0
12.472,0.003883,0.04246,-1.706959,11.860806,0.032597,-1.328622,0.002,0.0,0.049738,0.0,4.868629,0.0,-31.417282,4.0,2,2,0
12.492,-0.007334,0.247058,-0.813187,9.824177,0.237775,-4.530414,0.002,0.0,0.136909,0.0,3.664197,0.0,-86.479454,4.0,2,2,0
12.512,-0.021524,0.404964,-0.622711,6.542126,0.4928,-7.505881,0.002,0.0,0.190211,0.0,1.553294,0.0,-120.14782,4.0,2,2,0
12.539,-0.03696,0.477446,-0.520147,-0.080585,0.80152,-9.192302,0.002,0.0,0.185955,0.0,-1.850397,0.0,-117.459534,4.0,2,2,0
12.567,-0.04578,0.367573,-0.183149,-6.747253,0.915608,-10.0,0.002,0.0,0.09635,0.0,-4.404808,0.0,-60.859921,4.0,2,2,0
12.587,-0.04137,0.17937,0.373627,-10.805861,0.769893,-4.372838,0.002,0.0,-1e-06,0.0,-5.026548,0.0,0.000447,4.0,2,2,0
12.614,-0.011266,-0.165302,1.384615,-13.179487,0.076716,2.788845,0.002,0.0,-0.127486,0.0,-3.873001,0.0,80.527023,4.0,2,2,0
12.634,0.025167,-0.39406,2.087914,-10.893772,-0.723856,7.808132,0.002,0.0,-0.185956,0.0,-1.850382,0.0,117.459679,4.0,2,2,0
12.662,0.063517,-0.476993,0.417582,0.945055,-1.198439,8.470042,0.002,0.0,-0.190211,0.0,1.553314,0.0,120.147659,4.0,2,2,0
12.689,0.051149,-0.274983,-1.443224,9.457874,-0.858485,2.362442,0.0095,0.0,-0.136908,0.0,3.664228,0.0,86.478622,4.0,2,2,0
12.709,0.026126,-0.061086,-1.985348,11.0989,-0.278039,0.065658,0.002,0.0,-0.012557,0.0,5.016632,0.0,7.931421,4.0,2,2,0
12.733,-0.00743,0.181479,-1.516483,10.190475,0.373909,-3.820814,0.002,0.0,0.100726,0.0,4.342537,0.0,-63.623882,4.0,2,3,1
12.753,-0.0337,0.354725,-1.267399,7.391941,0.80366,-6.591316,0.001997,0.0,0.171515,0.0,2.585465,0.0,-108.338028,4.0,2,3,1
12.78,-0.059299,0.461147,-0.75458,1.267399,1.248303,-8.397086,0.002,0.0,0.19773,0.0,-0.75515,0.0,-124.897179,4.0,2,3,1
12.8,-0.066585,0.425961,-0.227106,-3.509157,1.34129,-8.052152,0.002,0.0,0.158797,0.0,-3.055819,0.0,-100.305008,4.0,2,3,1
12.823,-0.059778,0.278504,0.534798,-8.402931,1.12845,-5.756043,0.002,0.0,0.068927,0.0,-4.718604,0.0,-43.5382,4.0,2,3,1
12.846,-0.033317,0.028654,1.384615,-11.67033,0.508143,-1.24637,0.002,0.0,-0.047301,0.0,-4.883945,0.0,29.878113,4.0,2,3,1
12.866,0.003691,-0.203269,1.926741,-10.571428,-0.241609,2.966655,0.002,0.0,-0.135067,0.0,-3.707125,0.0,85.316002,4.0,2,3,1
12.89,0.054218,-0.429151,2.029305,-7.963369,-1.261736,8.000132,0.002,0.0,-0.194327,0.0,-1.18874,0.0,122.74736,4.0,2,3,1
12.91,0.086336,-0.484183,1.164835,1.516483,-1.755465,8.327581,0.002,0.0,-0.193076,0.0,1.311157,0.0,121.957405,4.0,2,3,1
12.93,0.082117,-0.390897,-0.344322,7.069595,-1.575231,6.384863,0.002,0.0,-0.144061,0.0,3.486701,0.0,90.996849,4.0,2,3,1
12.95,0.054601,-0.209213,-1.282051,10.600731,-0.972168,3.096278,0.002,0.0,-0.059408,0.0,4.799678,0.0,37.525105,4.0,2,3,1
12.97,0.014237,0.015519,-2.029305,11.523811,-0.136144,-0.762584,0.002,0.0,0.039943,0.0,4.925285,0.0,-25.230024,4.0,2,4,1
12.997,-0.033508,0.296625,-1.750916,10.0,0.818759,-5.831849,0.002,0.0,0.155693,0.0,3.155113,0.0,-98.344048,4.0,2,4,1
13.017,-0.061312,0.442643,-1.311356,5.78022,1.336501,-8.419262,0.002,0.0,0.196913,0.0,0.879741,0.0,-124.381035,4.0,2,4,1
13.045,-0.078953,0.485116,-0.285715,-1.34066,1.593442,-9.702765,0.002,0.0,0.174037,0.0,-2.476713,0.0,-109.931198,4.0,2,4,1
13.072,-0.068886,0.340632,0.725275,-8.065933,1.305058,-6.002223,0.0095,0.0,0.105034,0.0,-4.277578,0.0,-66.345291,4.0,2,4,1
13.092,-0.041945,0.132966,1.516483,-11.963369,0.671123,-3.645941,0.002,0.0,-0.027558,0.0,-4.978604,0.0,17.406858,4.0,2,4,1
13.114,0.003308,-0.158111,2.249084,-13.399267,-0.310619,2.443023,0.002,0.0,-0.127484,0.0,-3.873033,0.0,80.526032,4.0,2,4,1
13.134,0.053067,-0.393677,2.732601,-11.479853,-1.329771,7.819435,0.002,0.0,-0.185955,0.0,-1.850402,0.0,117.45948,4.0,2,4,1
13.158,0.098032,-0.479198,1.047619,1.545788,-2.013387,8.115976,0.002,0.0,-0.195454,0.0,1.06567,0.0,123.459167,4.0,2,4,1
13.178,0.09554,-0.365298,0.007326,7.772892,-1.882027,5.35525,0.002,0.0,-0.150851,0.0,3.300351,0.0,95.285484,4.0,2,4,1
13.205,0.043863,-0.099244,-2.263737,10.43956,-0.599224,0.675427,0.002,0.0,-0.032527,0.0,4.959626,0.0,20.545898,4.0,2,4,1
13.233,-0.021044,0.179849,-2.351648,10.073261,0.66539,-3.741552,0.002,0.0,0.100725,0.0,4.342543,0.0,-63.623611,4.0,2,5,1
13.253,-0.059491,0.348589,-1.956043,7.23077,1.371979,-6.441269,0.002,0.0,0.171505,0.0,2.585871,0.0,-108.331917,4.0,2,5,1
13.275,-0.08576,0.446478,-0.989012,2.468864,1.796696,-8.076191,0.002,0.0,0.199984,0.0,-0.063151,0.0,-126.320969,4.0,2,5,1
13.295,-0.091034,0.436603,-0.036631,-2.322344,1.81109,-8.111278,0.002,0.0,0.174037,0.0,-2.476691,0.0,-109.931519,4.0,2,5,1
14.07,-0.084322,0.374476,1.179487,-7.24542,1.55701,-8.523457,0.002,0.0,0.082873,0.0,-4.574719,0.0,-52.346943,4.0,2,8,1
14.092,-0.042617,0.141307,2.087914,-12.183149,0.636606,-3.965622,0.002,0.0,-0.027562,0.0,-4.978588,0.0,17.409811,4.0,2,8,1
14.116,0.015004,-0.1793,2.57143,-13.941391,-0.47371,0.998758,0.001988,0.0,-0.133251,0.0,-3.748421,0.0,84.168526,4.0,2,8,1
14.136,0.075406,-0.420139,2.893772,-11.421246,-1.790945,8.386764,0.002,0.0,-0.1886,0.0,-1.672785,0.0,119.130203,4.0,2,8,1
14.159,0.115769,-0.476801,0.388279,0.681318,-2.209924,8.248913,0.002,0.0,-0.193715,0.0,1.25018,0.0,122.361191,4.0,2,8,1
14.179,0.109442,-0.341425,-0.666666,6.65934,-1.973465,4.86744,0.002003,0.0,-0.145789,0.0,3.441048,0.0,92.088005,4.0,2,8,1
14.199,0.068215,-0.146606,-2.102564,10.073261,-1.119811,1.163085,0.002,0.0,-0.061795,0.0,4.780597,0.0,39.033363,4.0,2,8,1
14.219,0.013183,0.054348,-2.498169,9.926739,-0.01439,-1.629082,0.002,0.0,0.037485,0.0,4.937475,0.0,-23.677292,4.0,2,9,1
14.239,-0.037727,0.227787,-2.468864,8.46154,0.979846,-4.233595,0.002,0.0,0.127493,0.0,3.872849,0.0,-80.531616,4.0,2,9,1
14.266,-0.090842,0.391445,-1.56044,3.846153,1.941459,-6.714296,0.002,0.0,0.19646,0.0,0.941595,0.0,-124.094643,4.0,2,9,1
14.286,-0.105415,0.419345,-0.476191,-0.212454,2.122674,-7.454683,0.002,0.0,0.190207,0.0,-1.553585,0.0,-120.145439,4.0,2,9,1
14.314,-0.088924,0.319539,1.047619,-5.853479,1.658649,-6.390162,0.002,0.0,0.107154,0.0,-4.244233,0.0,-67.684456,4.0,2,9,1
14.334,-0.054409,0.155497,1.941391,-9.369963,0.877236,-3.810985,0.002,0.0,0.012545,0.0,-5.016651,0.0,-7.924033,4.0,2,9,1
14.361,0.014333,-0.146798,2.498169,-11.45055,-0.516929,1.885324,0.001998,0.0,-0.117573,0.0,-4.066265,0.0,74.26577,4.0,2,9,1
14.384,0.07857,-0.369996,2.688644,-9.589743,-1.815879,6.563241,0.002,0.0,-0.185959,0.0,-1.850155,0.0,117.461929,4.0,2,9,1
14.404,0.114715,-0.494346,1.413919,-4.256411,-2.423717,9.173124,0.002,0.0,-0.198421,0.0,0.630308,0.0,125.333786,4.0,2,9,1
14.431,0.103018,-0.397896,-1.076923,6.673992,-1.926196,6.794437,0.002001,0.0,-0.136898,0.0,3.664467,0.0,86.472229,4.0,2,9,1
14.451,0.057477,-0.2188,-2.21978,10.454212,-0.933535,3.533865,0.001997,0.0,-0.049707,0.0,4.868829,0.0,31.39777,4.0,2,9,1
14.479,-0.013087,0.10382,-2.161173,11.479855,0.463086,-2.049663,0.002,0.0,0.085173,0.0,4.547955,0.0,-53.799892,4.0,2,10,1
14.501,-0.066202,0.330757,-2.102564,9.809525,1.502805,-5.499819,0.001984,0.0,0.167559,0.0,2.744422,0.0,-105.839401,4.0,2,10,1
14.521,-0.091513,0.471693,-1.062271,5.42857,1.911755,-9.425902,0.002,0.0,0.199433,0.0,0.378116,0.0,-125.973007,4.0,2,10,1
14.544,-0.094869,0.511098,0.168499,-0.608059,1.868619,-10.0,0.002,0.0,0.174026,0.0,-2.47718,0.0,-109.924545,4.0,2,10,1
14.564,-0.07694,0.441397,1.106228,-5.311356,1.418948,-10.0,0.002,0.0,0.105018,0.0,-4.277824,0.0,-66.335228,4.0,2,10,1
14.588,-0.038398,0.238237,1.809525,-10.893772,0.58099,-6.602759,0.002,0.0,-0.007558,0.0,-5.022958,0.0,4.774173,4.0,2,10,1
14.608,0.004554,-0.032131,2.21978,-14.527473,-0.306803,-0.480569,0.002,0.0,-0.102907,0.0,-4.310118,0.0,65.001404,4.0,2,10,1
14.628,0.054218,-0.310841,2.747253,-12.725275,-1.376793,5.990517,0.002,0.0,-0.172799,0.0,-2.530881,0.0,109.149132,4.0,2,10,1
14.648,0.103306,-0.496935,2.630035,-0.564102,-2.324981,7.396802,0.002,0.0,-0.199938,0.0,-0.125616,0.0,126.291481,4.0,2,10,1
14.668,0.10321,-0.425316,0.065933,7.289379,-2.160063,5.860427,0.002,0.0,-0.177614,0.0,2.310759,0.0,112.190552,4.0,2,10,1
14.695,0.063038,-0.185148,-1.619047,10.87912,-1.073798,1.52248,0.002,0.0,-0.078245,0.0,4.625903,0.0,49.424095,4.0,2,10,1
14.715,0.008101,0.019929,-2.380953,11.260075,0.011431,-2.977529,0.00199,0.0,0.0,0.0,0.0,0.0,0.0,0.0,0,0,0
14.743,-0.055943,0.249646,-2.058609,7.0989,1.305817,-8.840961,0.002,0.0,0.0,0.0,0.0,0.0,0.0,0.0,0,0,0
14.77,-0.09717,0.323086,-1.106228,-0.373627,2.010504,-9.618888,0.002,0.0,0.0,0.0,0.0,0.0,0.0,0.0,0,0,0
14.79,-0.102539,0.255207,0.007326,-5.194139,2.026815,-6.634235,0.002,0.0,0.0,0.0,0.0,0.0,0.0,0.0,0,0,0
14.818,-0.069749,0.039008,1.677656,-9.018314,1.198427,0.568763,0.002,0.0,0.0,0.0,0.0,0.0,0.0,0.0,0,0,0
14.838,-0.018552,-0.119378,2.805862,-8.373627,0.059438,5.22864,0.002,0.0,0.0,0.0,0.0,0.0,0.0,0.0,0,0,0
14.86,0.043096,-0.24018,2.542126,-3.421246,-1.139969,7.713821,0.002,0.0,0.0,0.0,0.0,0.0,0.0,0.0,0,0,0
14.884,0.094293,-0.231935,1.78022,2.65934,-2.101598,6.412219,0.002,0.0,0.0,0.0,0.0,0.0,0.0,0.0,0,0,0
14.904,0.103402,-0.128773,0.080585,6.293041,-2.044072,2.59766,0.002,0.0,0.0,0.0,0.0,0.0,0.0,0.0,0,0,0
14.927,0.07857,0.037091,-1.472527,6.732601,-1.408314,-2.459912,0.001999,0.0,0.0,0.0,0.0,0.0,0.0,0.0,0,0,0
14.947,0.03648,0.149073,-2.366301,5.545788,-0.489919,-5.578704,0.002,0.0,0.0,0.0,0.0,0.0,0.0,0.0,0,0,0
14.967,-0.012895,0.209954,-2.454212,1.648352,0.488014,-6.64709,0.002,0.0,0.0,0.0,0.0,0.0,0.0,0.0,0,0,0
14.995,-0.072913,0.16633,-1.956043,-3.597069,1.657079,-4.424209,0.0095,0.0,0.0,0.0,0.0,0.0,0.0,0.0,0,0,0
15.015,-0.09228,0.065757,-0.637363,-5.721611,1.883947,-0.874538,0.002,0.0,0.0,0.0,0.0,0.0,0.0,0.0,0,0,0
15.035,-0.082309,-0.044595,0.857143,-4.827839,1.531125,2.099684,0.002,0.0,0.0,0.0,0.0,0.0,0.0,0.0,0,0,0
15.055,-0.049615,-0.129924,1.794872,-3.831501,0.814928,4.48618,0.002,0.0,0.0,0.0,0.0,0.0,0.0,0.0,0,0,0
15.082,0.010307,-0.160796,2.131866,0.871796,-0.402672,4.522889,0.002,0.0,0.0,0.0,0.0,0.0,0.0,0.0,0,0,0
15.102,0.045972,-0.107873,1.809525,3.626373,-1.092012,2.42171,0.002,0.0,0.0,0.0,0.0,0.0,0.0,0.0,0,0,0
15.13,0.074639,0.019258,0.564102,4.622711,-1.540711,-1.529776,0.002,0.0,0.0,0.0,0.0,0.0,0.0,0.0,0,0,0
15.153,0.066585,0.108038,-0.710623,3.479855,-1.255004,-3.941856,0.002,0.0,0.0,0.0,0.0,0.0,0.0,0.0,0,0,0
15.173,0.039932,0.143225,-1.516483,0.725275,-0.630867,-4.473613,0.002,0.0,0.0,0.0,0.0,0.0,0.0,0.0,0,0,0
15.201,-0.009348,0.101519,-1.706959,-2.747253,0.335577,-2.569052,0.002,0.0,0.0,0.0,0.0,0.0,0.0,0.0,0,0,0
15.221,-0.039069,0.029133,-1.501831,-3.919415,0.920404,-0.183691,0.002,0.0,0.0,0.0,0.0,0.0,0.0,0.0,0,0,0
15.248,-0.058436,-0.062428,-0.212454,-2.498169,1.159138,2.432114,0.002,0.0,0.0,0.0,0.0,0.0,0.0,0.0,0,0,0
15.276,-0.04789,-0.112475,0.75458,-0.593407,0.866717,3.342431,0.002,0.0,0.0,0.0,0.0,0.0,0.0,0.0,0,0,0
15.296,-0.025455,-0.093683,1.179487,1.78022,0.379675,2.348382,0.002,0.0,0.0,0.0,0.0,0.0,0.0,0.0,0,0,0
15.318,0.002636,-0.033473,1.282051,3.128204,-0.172569,0.3,0.002,0.0,0.0,0.0,0.0,0.0,0.0,0.0,0,0,0
15.338,0.022962,0.024818,1.076923,2.35165,-0.579098,-1.21837,0.002,0.0,0.0,0.0,0.0,0.0,0.0,0.0,0,0,0
15.361,0.040316,0.08081,0.461538,1.897436,-0.830286,-2.856546,0.002,0.0,0.0,0.0,0.0,0.0,0.0,0.0,0,0,0
15.385,0.03811,0.095191,-0.300365,-0.402931,-0.722117,-2.861248,0.0055,0.0,0.0,0.0,0.0,0.0,0.0,0.0,0,0,0
15.405,0.024688,0.069017,-0.76923,-1.868132,-0.402682,-1.745435,0.002,0.0,0.0,0.0,0.0,0.0,0.0,0.0,0,0,0
15.425,0.006855,0.020696,-0.915751,-2.586081,-0.050821,-0.185375,0.002,0.0,0.0,0.0,0.0,0.0,0.0,0.0,0,0,0
15.445,-0.00743,-0.026475,-0.564102,-1.794872,0.196551,0.990543,0.002,0.0,0.0,0.0,0.0,0.0,0.0,0.0,0,0,0
15.465,-0.018935,-0.05936,-0.505495,-1.648352,0.416985,1.999921,0.002004,0.0,0.0,0.0,0.0,0.0,0.0,0.0,0,0,0
15.485,-0.024208,-0.069043,-0.139194,0.036631,0.488958,1.962104,0.002,0.0,0.0,0.0,0.0,0.0,0.0,0.0,0,0,0
15.512,-0.019511,-0.03472,0.256411,1.838827,0.361486,0.59537,0.002003,0.0,0.0,0.0,0.0,0.0,0.0,0.0,0,0,0
15.54,-0.007622,0.016382,0.476191,1.604395,0.104505,-0.889111,0.002,0.0,0.0,0.0,0.0,0.0,0.0,0.0,0,0,0
15.56,0.000623,0.043035,0.344322,1.326008,-0.046022,-1.653287,0.002,0.0,0.0,0.0,0.0,0.0,0.0,0.0,0,0,0
15.587,0.00906,0.058567,0.271063,-0.095238,-0.20518,-1.810314,0.002,0.0,0.0,0.0,0.0,0.0,0.0,0.0,0,0,0
15.607,0.011265,0.04409,0.051283,-1.076923,-0.225306,-1.179931,0.002,0.0,0.0,0.0,0.0,0.0,0.0,0.0,0,0,0
15.635,0.008581,0.002671,-0.139194,-1.648352,-0.157242,0.164762,0.002,0.0,0.0,0.0,0.0,0.0,0.0,0.0,0,0,0
15.657,0.005033,-0.020243,-0.139194,-0.344322,-0.091069,0.556239,0.002,0.0,0.0,0.0,0.0,0.0,0.0,0.0,0,0,0
15.677,0.002061,-0.038363,-0.197802,-0.564102,-0.022059,1.1317,0.002,0.0,0.0,0.0,0.0,0.0,0.0,0.0,0,0,0
15.7,0.001774,-0.035391,-0.036631,0.578754,-0.03068,0.836182,0.002,0.0,0.0,0.0,0.0,0.0,0.0,0.0,0,0,0
15.72,0.000815,-0.016791,-0.036631,1.076923,-0.016298,0.194604,0.002,0.0,0.0,0.0,0.0,0.0,0.0,0.0,0,0,0
15.744,0.001294,0.007753,0.021978,0.813187,-0.030692,-0.435847,0.002,0.0,0.0,0.0,0.0,0.0,0.0,0.0,0,0,0
15.764,0.001678,0.020504,-0.007326,0.813187,-0.038347,-0.81964,0.002,0.0,0.0,0.0,0.0,0.0,0.0,0.0,0,0,0
15.784,0.001678,0.032009,-0.021978,0.344322,-0.033555,-1.110008,0.002,0.0,0.0,0.0,0.0,0.0,0.0,0.0,0,0,0
15.804,0.001774,0.030667,-0.007326,-0.300365,-0.035472,-0.948364,0.002,0.0,0.0,0.0,0.0,0.0,0.0,0.0,0,0,0
15.824,0.001678,0.018011,-0.021978,-0.76923,-0.033555,-0.484877,0.002,0.0,0.0,0.0,0.0,0.0,0.0,0.0,0,0,0
15.851,0.001774,-0.006437,-0.007326,-0.783882,-0.035472,0.247804,0.002,0.0,0.0,0.0,0.0,0.0,0.0,0.0,0,0,0
15.871,0.001774,-0.011326,-0.007326,0.036631,-0.035472,0.251731,0.002,0.0,0.0,0.0,0.0,0.0,0.0,0.0,0,0,0
15.899,0.001774,-0.018229,-0.007326,0.007326,-0.035472,0.451488,0.002,0.0,0.0,0.0,0.0,0.0,0.0,0.0,0,0,0
15.926,0.001774,-0.008354,-0.007326,0.54945,-0.030699,0.042669,0.002008,0.0,0.0,0.0,0.0,0.0,0.0,0.0,0,0,0
15.946,0.001774,0.000179,-0.007326,0.271063,-0.040264,-0.146358,0.002,0.0,0.0,0.0,0.0,0.0,0.0,0.0,0,0,0
15.974,0.001774,0.009862,-0.021978,0.446886,-0.040264,-0.456635,0.002,0.0,0.0,0.0,0.0,0.0,0.0,0.0,0,0,0
15.994,0.001678,0.016573,-0.021978,0.183149,-0.033555,-0.611376,0.002,0.0,0.0,0.0,0.0,0.0,0.0,0.0,0,0,0
16.021,0.001774,0.013601,0.007326,-0.271063,-0.040264,-0.447716,0.002,0.0,0.0,0.0,0.0,0.0,0.0,0.0,0,0,0
16.045,0.001774,0.004109,-0.021978,-0.490843,-0.03068,-0.11612,0.002,0.0,0.0,0.0,0.0,0.0,0.0,0.0,0,0,0
16.065,0.001678,-0.003177,-0.021978,-0.388279,-0.02876,0.064135,0.001999,0.0,0.0,0.0,0.0,0.0,0.0,0.0,0,0,0
16.087,0.001774,-0.005094,-0.007326,0.065933,-0.035472,0.05506,0.002,0.0,0.0,0.0,0.0,0.0,0.0,0.0,0,0,0
16.107,0.001774,-0.00519,-0.007326,0.007326,-0.040264,0.058451,0.002,0.0,0.0,0.0,0.0,0.0,0.0,0.0,0,0,0
16.129,0.001774,-0.003656,-0.007326,0.036631,-0.03068,0.022495,0.002,0.0,0.0,0.0,0.0,0.0,0.0,0.0,0,0,0
16.152,0.001774,-0.000493,-0.007326,0.344322,-0.035472,-0.159214,0.0055,0.0,0.0,0.0,0.0,0.0,0.0,0.0,0,0,0
16.172,0.001774,0.004397,-0.007326,0.153847,-0.035472,-0.247748,0.002,0.0,0.0,0.0,0.0,0.0,0.0,0.0,0,0,0
16.2,0.001774,0.007465,-0.007326,0.036631,-0.040264,-0.311903,0.002,0.0,0.0,0.0,0.0,0.0,0.0,0.0,0,0,0
16.22,0.001774,0.006027,0.007326,-0.10989,-0.03068,-0.250278,0.002,0.0,0.0,0.0,0.0,0.0,0.0,0.0,0,0,0
16.243,0.001774,0.002,-0.007326,-0.212454,-0.035472,-0.110749,0.002,0.0,0.0,0.0,0.0,0.0,0.0,0.0,0,0,0
16.263,0.001774,-0.000493,-0.007326,-0.095238,-0.035472,-0.055205,0.002,0.0,0.0,0.0,0.0,0.0,0.0,0.0,0,0,0
16.283,0.001678,-0.000588,-0.021978,-0.021978,-0.033555,-0.071463,0.002,0.0,0.0,0.0,0.0,0.0,0.0,0.0,0,0,0
16.304,0.001678,-1.3e-05,-0.021978,0.080585,-0.033555,-0.107851,0.002,0.0,0.0,0.0,0.0,0.0,0.0,0.0,0,0,0
16.324,0.001774,0.002,-0.007326,0.065933,-0.03068,-0.168356,0.002,0.0,0.0,0.0,0.0,0.0,0.0,0.0,0,0,0
16.351,0.001774,0.003438,-0.021978,-0.021978,-0.035472,-0.183154,0.002,0.0,0.0,0.0,0.0,0.0,0.0,0.0,0,0,0
16.371,0.001774,0.002671,-0.007326,-0.095238,-0.040264,-0.15086,0.002,0.0,0.0,0.0,0.0,0.0,0.0,0.0,0,0,0
16.399,0.001774,0.001521,-0.007326,-0.021978,-0.035472,-0.135816,0.002,0.0,0.0,0.0,0.0,0.0,0.0,0.0,0,0,0
16.426,0.001774,0.001521,-0.007326,-0.007326,-0.035472,-0.136018,0.002,0.0,0.0,0.0,0.0,0.0,0.0,0.0,0,0,0
16.446,0.001774,0.001521,-0.007326,0.007326,-0.040264,-0.136171,0.002,0.0,0.0,0.0,0.0,0.0,0.0,0.0,0,0,0
16.474,0.001774,0.001617,-0.007326,-0.007326,-0.035472,-0.12968,0.002,0.0,0.0,0.0,0.0,0.0,0.0,0.0,0,0,0
16.494,0.001774,0.001713,-0.007326,-0.007326,-0.035472,-0.142311,0.002,0.0,0.0,0.0,0.0,0.0,0.0,0.0,0,0,0
16.521,0.001774,0.001617,0.007326,-0.021978,-0.035472,-0.139669,0.002,0.0,0.0,0.0,0.0,0.0,0.0,0.0,0,0,0
16.544,0.001774,0.001617,-0.021978,-0.007326,-0.035472,-0.139848,0.004507,0.0,0.0,0.0,0.0,0.0,0.0,0.0,0,0,0
16.564,0.001869,0.001713,0.007326,-0.007326,-0.042181,-0.15247,0.002,0.0,0.0,0.0,0.0,0.0,0.0,0.0,0,0,0
16.587,0.001678,0.001617,-0.007326,-0.007326,-0.033555,-0.140201,0.002,0.0,0.0,0.0,0.0,0.0,0.0,0.0,0,0,0
16.607,0.001774,0.001617,-0.007326,-0.007326,-0.040264,-0.140361,0.002,0.0,0.0,0.0,0.0,0.0,0.0,0.0,0,0,0
16.631,0.001678,0.001617,-0.007326,-0.007326,-0.028763,-0.150134,0.002,0.0,0.0,0.0,0.0,0.0,0.0,0.0,0,0,0
16.651,0.001678,0.001521,-0.021978,-0.021978,-0.033555,-0.12825,0.002,0.0,0.0,0.0,0.0,0.0,0.0,0.0,0,0,0
16.671,0.001869,0.001617,0.007326,-0.007326,-0.042181,-0.140869,0.002,0.0,0.0,0.0,0.0,0.0,0.0,0.0,0,0,0
16.691,0.001774,0.001617,0.007326,-0.021978,-0.035472,-0.141029,0.002,0.0,0.0,0.0,0.0,0.0,0.0,0.0,0,0,0
16.711,0.001774,0.001617,-0.007326,-0.007326,-0.035472,-0.150774,0.002,0.0,0.0,0.0,0.0,0.0,0.0,0.0,0,0,0
16.738,0.001774,0.001617,0.007326,-0.021978,-0.040264,-0.151,0.002,0.0,0.0,0.0,0.0,0.0,0.0,0.0,0,0,0
16.758,0.001774,0.001617,-0.007326,-0.007326,-0.03068,-0.141576,0.002,0.0,0.0,0.0,0.0,0.0,0.0,0.0,0,0,0
16.786,0.001869,0.001617,-0.021978,0.007326,-0.042181,-0.141795,0.002,0.0,0.0,0.0,0.0,0.0,0.0,0.0,0,0,0
16.813,0.001678,0.001617,-0.021978,-0.007326,-0.024006,-0.151561,0.002007,0.0,0.0,0.0,0.0,0.0,0.0,0.0,0,0,0
16.833,0.001774,0.001617,-0.007326,0.007326,-0.040264,-0.151755,0.002,0.0,0.0,0.0,0.0,0.0,0.0,0.0,0,0,0
16.857,0.001678,0.001617,-0.021978,-0.021978,-0.028763,-0.142356,0.002,0.0,0.0,0.0,0.0,0.0,0.0,0.0,0,0,0
16.877,0.001774,0.001617,-0.021978,-0.007326,-0.040264,-0.142516,0.002,0.0,0.0,0.0,0.0,0.0,0.0,0.0,0,0,0
16.904,0.001774,0.001617,-0.007326,0.007326,-0.035472,-0.152322,0.002,0.0,0.0,0.0,0.0,0.0,0.0,0.0,0,0,0
16.928,0.001774,0.001617,-0.007326,-0.007326,-0.037215,-0.142926,0.0055,0.0,0.0,0.0,0.0,0.0,0.0,0.0,0,0,0
16.948,0.001774,0.001617,0.007326,0.007326,-0.03068,-0.143087,0.002,0.0,0.0,0.0,0.0,0.0,0.0,0.0,0,0,0
16.97,0.001774,0.001521,0.007326,-0.021978,-0.040264,-0.130807,0.002,0.0,0.0,0.0,0.0,0.0,0.0,0.0,0,0,0
16.99,0.001774,0.001617,-0.021978,-0.007326,-0.035472,-0.143427,0.002,0.0,0.0,0.0,0.0,0.0,0.0,0.0,0,0,0
17.013,0.001774,0.001617,-0.021978,0.007326,-0.035472,-0.143613,0.001995,0.0,0.0,0.0,0.0,0.0,0.0,0.0,0,0,0
17.033,0.001774,0.001617,-0.007326,-0.021978,-0.040264,-0.143774,0.002,0.0,0.0,0.0,0.0,0.0,0.0,0.0,0,0,0
17.057,0.001774,0.001521,0.007326,-0.021978,-0.040264,-0.131504,0.002,0.0,0.0,0.0,0.0,0.0,0.0,0.0,0,0,0
17.077,0.001678,0.001617,-0.007326,-0.007326,-0.028763,-0.144121,0.002,0.0,0.0,0.0,0.0,0.0,0.0,0.0,0,0,0
17.097,0.001774,0.001617,-0.007326,-0.007326,-0.030679,-0.14428,0.002,0.0,0.0,0.0,0.0,0.0,0.0,0.0,0,0,0
17.117,0.001678,0.001617,-0.036631,0.007326,-0.023971,-0.144439,0.002,0.0,0.0,0.0,0.0,0.0,0.0,0.0,0,0,0
17.137,0.001869,0.001617,0.007326,-0.036631,-0.042181,-0.144597,0.002,0.0,0.0,0.0,0.0,0.0,0.0,0.0,0,0,0
17.164,0.001774,0.001521,-0.007326,-0.021978,-0.040264,-0.141939,0.002,0.0,0.0,0.0,0.0,0.0,0.0,0.0,0,0,0
17.192,0.001774,0.001521,-0.007326,-0.007326,-0.035472,-0.142157,0.002,0.0,0.0,0.0,0.0,0.0,0.0,0.0,0,0,0
17.212,0.001774,0.001617,-0.007326,-0.007326,-0.035472,-0.14519,0.002,0.0,0.0,0.0,0.0,0.0,0.0,0.0,0,0,0
17.239,0.001774,0.001617,-0.007326,0.021978,-0.040264,-0.145409,0.002,0.0,0.0,0.0,0.0,0.0,0.0,0.0,0,0,0
17.259,0.001774,0.001713,-0.007326,-0.007326,-0.035472,-0.15803,0.002,0.0,0.0,0.0,0.0,0.0,0.0,0.0,0,0,0
17.287,0.001678,0.001521,-0.007326,-0.021978,-0.028763,-0.133329,0.002,0.0,0.0,0.0,0.0,0.0,0.0,0.0,0,0,0
17.314,0.001678,0.001617,0.007326,-0.007326,-0.032546,-0.146011,0.0095,0.0,0.0,0.0,0.0,0.0,0.0,0.0,0,0,0
17.334,0.001774,0.001617,-0.007326,-0.036631,-0.040264,-0.146168,0.002,0.0,0.0,0.0,0.0,0.0,0.0,0.0,0,0,0
17.358,0.001774,0.001617,0.007326,-0.007326,-0.040264,-0.146355,0.002,0.0,0.0,0.0,0.0,0.0,0.0,0.0,0,0,0
17.378,0.001678,0.001617,-0.007326,-0.021978,-0.033555,-0.156098,0.002,0.0,0.0,0.0,0.0,0.0,0.0,0.0,0,0,0
17.405,0.001774,0.001617,-0.021978,0.007326,-0.035472,-0.156306,0.002002,0.0,0.0,0.0,0.0,0.0,0.0,0.0,0,0,0
17.425,0.001774,0.001713,-0.007326,0.007326,-0.035472,-0.159352,0.002,0.0,0.0,0.0,0.0,0.0,0.0,0.0,0,0,0
17.448,0.001774,0.001617,0.007326,0.007326,-0.035472,-0.14707,0.002,0.0,0.0,0.0,0.0,0.0,0.0,0.0,0,0,0
17.471,0.001774,0.001617,-0.007326,-0.007326,-0.040264,-0.147256,0.002,0.0,0.0,0.0,0.0,0.0,0.0,0.0,0,0,0
17.491,0.001869,0.001521,-0.007326,-0.007326,-0.042181,-0.134957,0.002,0.0,0.0,0.0,0.0,0.0,0.0,0.0,0,0,0
17.515,0.001774,0.001521,-0.021978,-0.007326,-0.035472,-0.144726,0.002,0.0,0.0,0.0,0.0,0.0,0.0,0.0,0,0,0
17.535,0.001774,0.001617,-0.007326,-0.021978,-0.035472,-0.147759,0.001994,0.0,0.0,0.0,0.0,0.0,0.0,0.0,0,0,0
17.555,0.001774,0.001617,-0.007326,-0.007326,-0.03068,-0.147917,0.002,0.0,0.0,0.0,0.0,0.0,0.0,0.0,0,0,0
17.575,0.001678,0.001521,-0.021978,-0.036631,-0.028763,-0.145199,0.002,0.0,0.0,0.0,0.0,0.0,0.0,0.0,0,0,0
17.595,0.001774,0.001521,0.007326,-0.021978,-0.040264,-0.145355,0.002,0.0,0.0,0.0,0.0,0.0,0.0,0.0,0,0,0
17.622,0.001774,0.001521,-0.007326,0.007326,-0.040264,-0.145572,0.002,0.0,0.0,0.0,0.0,0.0,0.0,0.0,0,0,0
17.642,0.001774,0.001617,0.021978,0.021978,-0.040264,-0.148606,0.002,0.0,0.0,0.0,0.0,0.0,0.0,0.0,0,0,0
17.67,0.001869,0.001521,0.007326,-0.021978,-0.046973,-0.136363,0.002,0.0,0.0,0.0,0.0,0.0,0.0,0.0,0,0,0
17.697,0.001774,0.001617,-0.021978,0.007326,-0.036481,-0.149043,0.0095,0.0,0.0,0.0,0.0,0.0,0.0,0.0,0,0,0
17.717,0.001774,0.001617,-0.007326,-0.021978,-0.03068,-0.149203,0.002,0.0,0.0,0.0,0.0,0.0,0.0,0.0,0,0,0
17.74,0.001774,0.001617,-0.021978,-0.007326,-0.035472,-0.139805,0.002001,0.0,0.0,0.0,0.0,0.0,0.0,0.0,0,0,0
17.76,0.001869,0.001617,-0.021978,-0.021978,-0.042181,-0.149544,0.002,0.0,0.0,0.0,0.0,0.0,0.0,0.0,0,0,0
17.783,0.001774,0.001521,-0.021978,-0.007326,-0.040264,-0.137269,0.002,0.0,0.0,0.0,0.0,0.0,0.0,0.0,0,0,0
17.803,0.001774,0.001617,-0.007326,-0.036631,-0.035472,-0.159469,0.002,0.0,0.0,0.0,0.0,0.0,0.0,0.0,0,0,0
17.831,0.001774,0.001521,0.007326,-0.007326,-0.040248,-0.147228,0.002007,0.0,0.0,0.0,0.0,0.0,0.0,0.0,0,0,0
17.858,0.001774,0.001521,-0.021978,-0.021978,-0.035472,-0.137854,0.002,0.0,0.0,0.0,0.0,0.0,0.0,0.0,0,0,0
17.878,0.001678,0.001617,-0.021978,0.007326,-0.028763,-0.150473,0.002,0.0,0.0,0.0,0.0,0.0,0.0,0.0,0,0,0
17.9,0.001774,0.001617,0.007326,0.007326,-0.035472,-0.160232,0.002,0.0,0.0,0.0,0.0,0.0,0.0,0.0,0,0,0
17.92,0.001774,0.001617,-0.007326,0.007326,-0.035472,-0.150808,0.002,0.0,0.0,0.0,0.0,0.0,0.0,0.0,0,0,0
17.948,0.001774,0.001617,-0.007326,-0.007326,-0.040283,-0.160644,0.001992,0.0,0.0,0.0,0.0,0.0,0.0,0.0,0,0,0
17.971,0.001678,0.001521,-0.007326,0.007326,-0.028763,-0.148328,0.002,0.0,0.0,0.0,0.0,0.0,0.0,0.0,0,0,0
17.991,0.001678,0.001521,-0.007326,0.007326,-0.033555,-0.148484,0.002,0.0,0.0,0.0,0.0,0.0,0.0,0.0,0,0,0
18.015,0.001678,0.001521,-0.007326,-0.007326,-0.028763,-0.139081,0.002,0.0,0.0,0.0,0.0,0.0,0.0,0.0,0,0,0
18.035,0.001774,0.001521,-0.007326,-0.007326,-0.035472,-0.13924,0.002,0.0,0.0,0.0,0.0,0.0,0.0,0.0,0,0,0
18.055,0.001869,0.001617,-0.007326,-0.007326,-0.037389,-0.142274,0.002,0.0,0.0,0.0,0.0,0.0,0.0,0.0,0,0,0
18.075,0.001774,0.001521,-0.007326,-0.007326,-0.040264,-0.149139,0.002,0.0,0.0,0.0,0.0,0.0,0.0,0.0,0,0,0
18.095,0.001678,0.001617,-0.007326,0.007326,-0.028763,-0.152172,0.002,0.0,0.0,0.0,0.0,0.0,0.0,0.0,0,0,0
18.123,0.001869,0.001617,-0.007326,-0.007326,-0.037389,-0.152393,0.002,0.0,0.0,0.0,0.0,0.0,0.0,0.0,0,0,0
18.143,0.001774,0.001617,-0.007326,0.007326,-0.040264,-0.162135,0.002,0.0,0.0,0.0,0.0,0.0,0.0,0.0,0,0,0
18.17,0.001678,0.001521,-0.021978,-0.021978,-0.028753,-0.14989,0.001996,0.0,0.0,0.0,0.0,0.0,0.0,0.0,0,0,0
18.19,0.001774,0.001521,0.007326,0.007326,-0.035472,-0.150046,0.002,0.0,0.0,0.0,0.0,0.0,0.0,0.0,0,0,0
18.218,0.001774,0.001521,0.007326,-0.021978,-0.040264,-0.150259,0.002,0.0,0.0,0.0,0.0,0.0,0.0,0.0,0,0,0
18.24,0.001774,0.001617,-0.007326,0.007326,-0.03068,-0.16289,0.002,0.0,0.0,0.0,0.0,0.0,0.0,0.0,0,0,0
18.26,0.001678,0.001521,-0.007326,-0.007326,-0.023971,-0.150586,0.002,0.0,0.0,0.0,0.0,0.0,0.0,0.0,0,0,0
18.283,0.001869,0.001521,0.007326,-0.021978,-0.046973,-0.141184,0.002,0.0,0.0,0.0,0.0,0.0,0.0,0.0,0,0,0
18.303,0.001869,0.001521,-0.007326,-0.021978,-0.042181,-0.150923,0.002,0.0,0.0,0.0,0.0,0.0,0.0,0.0,0,0,0
18.327,0.001774,0.001521,-0.021978,-0.021978,-0.035472,-0.141532,0.002002,0.0,0.0,0.0,0.0,0.0,0.0,0.0,0,0,0
18.347,0.001774,0.001617,-0.036631,-0.021978,-0.035472,-0.163717,0.002,0.0,0.0,0.0,0.0,0.0,0.0,0.0,0,0,0
18.367,0.001774,0.001521,-0.007326,0.007326,-0.035472,-0.151411,0.002,0.0,0.0,0.0,0.0,0.0,0.0,0.0,0,0,0
18.387,0.001774,0.001521,-0.021978,-0.007326,-0.035472,-0.141966,0.001997,0.0,0.0,0.0,0.0,0.0,0.0,0.0,0,0,0
18.407,0.001774,0.001521,-0.021978,0.021978,-0.035472,-0.151719,0.002,0.0,0.0,0.0,0.0,0.0,0.0,0.0,0,0,0
18.434,0.001678,0.001521,-0.021978,-0.007326,-0.028763,-0.142345,0.002,0.0,0.0,0.0,0.0,0.0,0.0,0.0,0,0,0
18.462,0.001774,0.001521,-0.007326,-0.036631,-0.035472,-0.152143,0.0095,0.0,0.0,0.0,0.0,0.0,0.0,0.0,0,0,0
18.482,0.001678,0.001617,-0.007326,-0.007326,-0.033555,-0.164738,0.002005,0.0,0.0,0.0,0.0,0.0,0.0,0.0,0,0,0
18.509,0.001774,0.001521,0.007326,-0.021978,-0.035472,-0.15251,0.002,0.0,0.0,0.0,0.0,0.0,0.0,0.0,0,0,0
18.529,0.001869,0.001521,0.007326,-0.007326,-0.042181,-0.152664,0.002,0.0,0.0,0.0,0.0,0.0,0.0,0.0,0,0,0
18.557,0.001678,0.001521,-0.007326,-0.021978,-0.028763,-0.14329,0.002,0.0,0.0,0.0,0.0,0.0,0.0,0.0,0,0,0
18.577,0.001774,0.001521,-0.021978,-0.021978,-0.035472,-0.153028,0.001996,0.0,0.0,0.0,0.0,0.0,0.0,0.0,0,0,0
18.604,0.001678,0.001521,-0.021978,-0.007326,-0.028763,-0.153237,0.002,0.0,0.0,0.0,0.0,0.0,0.0,0.0,0,0,0
18.632,0.001774,0.001521,-0.021978,-0.007326,-0.040264,-0.153446,0.002,0.0,0.0,0.0,0.0,0.0,0.0,0.0,0,0,0
18.652,0.001678,0.001521,-0.021978,0.007326,-0.028763,-0.1536,0.002,0.0,0.0,0.0,0.0,0.0,0.0,0.0,0,0,0
18.675,0.001774,0.001521,-0.007326,-0.036631,-0.040264,-0.153782,0.002,0.0,0.0,0.0,0.0,0.0,0.0,0.0,0,0,0
18.695,0.001678,0.001521,-0.021978,-0.007326,-0.023971,-0.153936,0.002,0.0,0.0,0.0,0.0,0.0,0.0,0.0,0,0,0
18.717,0.001678,0.001521,-0.007326,-0.007326,-0.028763,-0.154106,0.002,0.0,0.0,0.0,0.0,0.0,0.0,0.0,0,0,0
18.741,0.001869,0.001521,-0.007326,-0.007326,-0.046973,-0.144702,0.002,0.0,0.0,0.0,0.0,0.0,0.0,0.0,0,0,0
18.761,0.001869,0.001521,-0.007326,-0.007326,-0.042181,-0.15444,0.002,0.0,0.0,0.0,0.0,0.0,0.0,0.0,0,0,0
18.784,0.001774,0.001521,-0.007326,0.007326,-0.035472,-0.154619,0.002,0.0,0.0,0.0,0.0,0.0,0.0,0.0,0,0,0
18.804,0.001678,0.001521,-0.021978,-0.007326,-0.028763,-0.154773,0.002,0.0,0.0,0.0,0.0,0.0,0.0,0.0,0,0,0
18.824,0.001774,0.001521,-0.021978,0.007326,-0.030682,-0.154925,0.002001,0.0,0.0,0.0,0.0,0.0,0.0,0.0,0,0,0
18.844,0.001678,0.001617,0.007326,0.007326,-0.023971,-0.167538,0.002,0.0,0.0,0.0,0.0,0.0,0.0,0.0,0,0,0
18.864,0.001678,0.001521,-0.021978,-0.021978,-0.028763,-0.155232,0.002,0.0,0.0,0.0,0.0,0.0,0.0,0.0,0,0,0
18.892,0.001774,0.001521,-0.007326,-0.021978,-0.035472,-0.155445,0.002,0.0,0.0,0.0,0.0,0.0,0.0,0.0,0,0,0
18.912,0.001678,0.001521,-0.021978,0.007326,-0.033555,-0.155598,0.002,0.0,0.0,0.0,0.0,0.0,0.0,0.0,0,0,0
18.939,0.001678,0.001521,-0.021978,-0.007326,-0.028763,-0.15581,0.002,0.0,0.0,0.0,0.0,0.0,0.0,0.0,0,0,0
18.959,0.001774,0.001521,0.007326,-0.021978,-0.045057,-0.155961,0.002,0.0,0.0,0.0,0.0,0.0,0.0,0.0,0,0,0
18.987,0.001774,0.001521,-0.007326,-0.007326,-0.035472,-0.15617,0.002,0.0,0.0,0.0,0.0,0.0,0.0,0.0,0,0,0
19.009,0.001774,0.001521,-0.007326,0.007326,-0.035472,-0.156338,0.002,0.0,0.0,0.0,0.0,0.0,0.0,0.0,0,0,0
19.029,0.001678,0.001425,-0.007326,-0.021978,-0.028762,-0.144029,0.002,0.0,0.0,0.0,0.0,0.0,0.0,0.0,0,0,0
19.056,0.001774,0.001617,-0.007326,0.036631,-0.035472,-0.169158,0.002,0.0,0.0,0.0,0.0,0.0,0.0,0.0,0,0,0
19.076,0.001774,0.001521,-0.007326,0.007326,-0.035472,-0.156853,0.002,0.0,0.0,0.0,0.0,0.0,0.0,0.0,0,0,0
19.104,0.001774,0.001521,-0.007326,-0.007326,-0.030692,-0.157062,0.002005,0.0,0.0,0.0,0.0,0.0,0.0,0.0,0,0,0
19.126,0.001678,0.001521,-0.007326,-0.007326,-0.028781,-0.15723,0.002008,0.0,0.0,0.0,0.0,0.0,0.0,0.0,0,0,0
19.146,0.001774,0.001521,-0.007326,-0.007326,-0.035472,-0.157382,0.002,0.0,0.0,0.0,0.0,0.0,0.0,0.0,0,0,0
19.169,0.001678,0.001521,-0.007326,-0.021978,-0.028763,-0.15756,0.002,0.0,0.0,0.0,0.0,0.0,0.0,0.0,0,0,0
19.189,0.001678,0.001521,-0.007326,0.007326,-0.033555,-0.157712,0.002,0.0,0.0,0.0,0.0,0.0,0.0,0.0,0,0,0
19.213,0.001678,0.001521,-0.007326,-0.036631,-0.028763,-0.157891,0.002,0.0,0.0,0.0,0.0,0.0,0.0,0.0,0,0,0
19.233,0.001774,0.001521,-0.007326,0.007326,-0.035472,-0.158044,0.002,0.0,0.0,0.0,0.0,0.0,0.0,0.0,0,0,0
19.253,0.001678,0.001521,0.007326,-0.036631,-0.033555,-0.158196,0.002,0.0,0.0,0.0,0.0,0.0,0.0,0.0,0,0,0
19.273,0.001774,0.001521,-0.007326,0.007326,-0.035472,-0.167932,0.002,0.0,0.0,0.0,0.0,0.0,0.0,0.0,0,0,0
19.293,0.001774,0.001521,-0.007326,0.007326,-0.035472,-0.158498,0.002,0.0,0.0,0.0,0.0,0.0,0.0,0.0,0,0,0
19.32,0.001774,0.001521,-0.021978,-0.007326,-0.035472,-0.158707,0.002,0.0,0.0,0.0,0.0,0.0,0.0,0.0,0,0,0
19.34,0.001774,0.001521,-0.007326,-0.007326,-0.035472,-0.158859,0.002,0.0,0.0,0.0,0.0,0.0,0.0,0.0,0,0,0
19.368,0.001678,0.001425,-0.021978,-0.007326,-0.023971,-0.137024,0.002,0.0,0.0,0.0,0.0,0.0,0.0,0.0,0,0,0
19.395,0.001774,0.001425,-0.007326,-0.007326,-0.03068,-0.1564,0.002,0.0,0.0,0.0,0.0,0.0,0.0,0.0,0,0,0
19.415,0.001774,0.001521,-0.007326,-0.007326,-0.040264,-0.159426,0.002,0.0,0.0,0.0,0.0,0.0,0.0,0.0,0,0,0
19.443,0.001678,0.001521,-0.007326,0.007326,-0.028763,-0.169215,0.002,0.0,0.0,0.0,0.0,0.0,0.0,0.0,0,0,0
19.463,0.001678,0.001521,-0.021978,-0.007326,-0.028762,-0.159778,0.002,0.0,0.0,0.0,0.0,0.0,0.0,0.0,0,0,0
19.485,0.001678,0.001521,-0.021978,-0.007326,-0.028763,-0.15994,0.002,0.0,0.0,0.0,0.0,0.0,0.0,0.0,0,0,0
19.508,0.001774,0.001425,0.007326,-0.021978,-0.035472,-0.147654,0.002,0.0,0.0,0.0,0.0,0.0,0.0,0.0,0,0,0
19.528,0.001774,0.001425,0.007326,-0.021978,-0.035472,-0.1478,0.002,0.0,0.0,0.0,0.0,0.0,0.0,0.0,0,0,0
19.552,0.001869,0.001521,-0.007326,-0.007326,-0.042181,-0.160433,0.002,0.0,0.0,0.0,0.0,0.0,0.0,0.0,0,0,0
19.572,0.001774,0.001521,-0.007326,-0.007326,-0.035472,-0.160581,0.001998,0.0,0.0,0.0,0.0,0.0,0.0,0.0,0,0,0
19.592,0.001774,0.001521,0.007326,0.007326,-0.035472,-0.160731,0.002,0.0,0.0,0.0,0.0,0.0,0.0,0.0,0,0,0
19.619,0.001678,0.001425,-0.021978,-0.007326,-0.033555,-0.15604,0.009497,0.0,0.0,0.0,0.0,0.0,0.0,0.0,0,0,0
19.639,0.001678,0.001425,-0.007326,-0.021978,-0.028782,-0.158201,0.002008,0.0,0.0,0.0,0.0,0.0,0.0,0.0,0,0,0
19.659,0.001774,0.001425,-0.021978,0.007326,-0.035472,-0.158346,0.002,0.0,0.0,0.0,0.0,0.0,0.0,0.0,0,0,0
19.679,0.001678,0.001425,-0.007326,-0.007326,-0.033555,-0.158492,0.002007,0.0,0.0,0.0,0.0,0.0,0.0,0.0,0,0,0
19.707,0.001678,0.001425,-0.007326,-0.021978,-0.028763,-0.149111,0.002,0.0,0.0,0.0,0.0,0.0,0.0,0.0,0,0,0
19.727,0.001774,0.001425,-0.007326,-0.021978,-0.03068,-0.158841,0.002,0.0,0.0,0.0,0.0,0.0,0.0,0.0,0,0,0
19.754,0.001774,0.001425,0.007326,0.007326,-0.040264,-0.168617,0.002,0.0,0.0,0.0,0.0,0.0,0.0,0.0,0,0,0
19.778,0.001774,0.001425,-0.007326,-0.007326,-0.035472,-0.159197,0.002004,0.0,0.0,0.0,0.0,0.0,0.0,0.0,0,0,0
19.798,0.001774,0.001425,-0.007326,0.007326,-0.035472,-0.159336,0.001999,0.0,0.0,0.0,0.0,0.0,0.0,0.0,0,0,0
19.826,0.001774,0.001425,-0.007326,-0.021978,-0.040264,-0.159534,0.002,0.0,0.0,0.0,0.0,0.0,0.0,0.0,0,0,0
19.846,0.001774,0.001425,-0.007326,-0.021978,-0.035472,-0.159673,0.002,0.0,0.0,0.0,0.0,0.0,0.0,0.0,0,0,0
19.873,0.001678,0.001521,0.007326,0.007326,-0.028763,-0.172331,0.002,0.0,0.0,0.0,0.0,0.0,0.0,0.0,0,0,0
19.901,0.001678,0.001329,-0.021978,-0.021978,-0.028763,-0.147604,0.002,0.0,0.0,0.0,0.0,0.0,0.0,0.0,0,0,0
19.921,0.001678,0.001425,-0.021978,0.007326,-0.033555,-0.169787,0.002,0.0,0.0,0.0,0.0,0.0,0.0,0.0,0,0,0
19.943,0.001678,0.001425,-0.021978,0.007326,-0.028763,-0.169942,0.002,0.0,0.0,0.0,0.0,0.0,0.0,0.0,0,0,0
19.963,0.001678,0.001425,-0.021978,-0.021978,-0.023971,-0.160499,0.002,0.0,0.0,0.0,0.0,0.0,0.0,0.0,0,0,0
19.986,0.001678,0.001425,-0.021978,0.007326,-0.028763,-0.160664,0.002,0.0,0.0,0.0,0.0,0.0,0.0,0.0,0,0,0
20.01,0.001774,0.001329,-0.007326,-0.021978,-0.033729,-0.154469,0.0055,0.0,0.0,0.0,0.0,0.0,0.0,0.0,0,0,0
20.03,0.001678,0.001425,-0.021978,-0.007326,-0.023971,-0.16097,0.002,0.0,0.0,0.0,0.0,0.0,0.0,0.0,0,0,0
20.05,0.001678,0.001425,-0.007326,-0.021978,-0.028763,-0.161109,0.002,0.0,0.0,0.0,0.0,0.0,0.0,0.0,0,0,0
20.07,0.001774,0.001425,-0.007326,-0.007326,-0.040264,-0.161246,0.002,0.0,0.0,0.0,0.0,0.0,0.0,0.0,0,0,0
20.09,0.001774,0.001425,-0.007326,0.021978,-0.035472,-0.161385,0.002,0.0,0.0,0.0,0.0,0.0,0.0,0.0,0,0,0
20.11,0.001774,0.001329,-0.007326,-0.007326,-0.03068,-0.158649,0.002,0.0,0.0,0.0,0.0,0.0,0.0,0.0,0,0,0
20.137,0.001774,0.001329,0.007326,-0.051283,-0.035472,-0.149257,0.002,0.0,0.0,0.0,0.0,0.0,0.0,0.0,0,0,0
20.165,0.001678,0.001329,-0.021978,-0.007326,-0.028763,-0.159036,0.002,0.0,0.0,0.0,0.0,0.0,0.0,0.0,0,0,0
20.185,0.001774,0.001329,-0.007326,-0.021978,-0.030679,-0.149593,0.002,0.0,0.0,0.0,0.0,0.0,0.0,0.0,0,0,0
20.212,0.001678,0.001425,-0.007326,-0.007326,-0.02877,-0.162246,0.002003,0.0,0.0,0.0,0.0,0.0,0.0,0.0,0,0,0
20.232,0.001774,0.001425,0.007326,-0.021978,-0.040264,-0.162386,0.002,0.0,0.0,0.0,0.0,0.0,0.0,0.0,0,0,0
20.26,0.001774,0.001425,-0.036631,-0.021978,-0.035472,-0.172163,0.002,0.0,0.0,0.0,0.0,0.0,0.0,0.0,0,0,0
20.282,0.001774,0.001425,-0.007326,0.007326,-0.040264,-0.162733,0.002,0.0,0.0,0.0,0.0,0.0,0.0,0.0,0,0,0
20.302,0.001869,0.001425,0.007326,0.007326,-0.046973,-0.172457,0.002,0.0,0.0,0.0,0.0,0.0,0.0,0.0,0,0,0
20.325,0.001774,0.001329,-0.021978,-0.021978,-0.03068,-0.150577,0.002,0.0,0.0,0.0,0.0,0.0,0.0,0.0,0,0,0
20.345,0.001774,0.001425,-0.021978,0.007326,-0.040264,-0.163174,0.002,0.0,0.0,0.0,0.0,0.0,0.0,0.0,0,0,0
20.369,0.001678,0.001425,-0.021978,0.007326,-0.02875,-0.172948,0.001995,0.0,0.0,0.0,0.0,0.0,0.0,0.0,0,0,0
20.389,0.001774,0.001425,-0.007326,0.007326,-0.035472,-0.163481,0.002,0.0,0.0,0.0,0.0,0.0,0.0,0.0,0,0,0
20.409,0.001774,0.001425,0.007326,-0.007326,-0.035472,-0.163619,0.002,0.0,0.0,0.0,0.0,0.0,0.0,0.0,0,0,0
20.429,0.001678,0.001425,-0.007326,-0.007326,-0.028771,-0.163759,0.002004,0.0,0.0,0.0,0.0,0.0,0.0,0.0,0,0,0
20.449,0.001678,0.001425,-0.021978,0.021978,-0.028763,-0.173484,0.002,0.0,0.0,0.0,0.0,0.0,0.0,0.0,0,0,0
20.476,0.001774,0.001329,-0.007326,-0.021978,-0.035472,-0.151632,0.002,0.0,0.0,0.0,0.0,0.0,0.0,0.0,0,0,0
20.496,0.001774,0.001425,-0.007326,-0.007326,-0.035472,-0.173816,0.002,0.0,0.0,0.0,0.0,0.0,0.0,0.0,0,0,0
20.524,0.001678,0.001329,-0.007326,-0.021978,-0.028763,-0.161546,0.002,0.0,0.0,0.0,0.0,0.0,0.0,0.0,0,0,0
20.551,0.001774,0.001329,-0.007326,-0.036631,-0.040264,-0.152148,0.002,0.0,0.0,0.0,0.0,0.0,0.0,0.0,0,0,0
20.571,0.001774,0.001329,-0.007326,-0.021978,-0.035472,-0.161871,0.002,0.0,0.0,0.0,0.0,0.0,0.0,0.0,0,0,0
20.599,0.001774,0.001425,0.007326,0.007326,-0.035472,-0.174517,0.002,0.0,0.0,0.0,0.0,0.0,0.0,0.0,0,0,0
20.619,0.001869,0.001425,-0.007326,-0.007326,-0.042181,-0.165071,0.002,0.0,0.0,0.0,0.0,0.0,0.0,0.0,0,0,0
20.646,0.001678,0.001329,-0.007326,0.021978,-0.028734,-0.152743,0.001988,0.0,0.0,0.0,0.0,0.0,0.0,0.0,0,0,0
20.67,0.001678,0.001425,-0.007326,-0.021978,-0.028763,-0.165428,0.002,0.0,0.0,0.0,0.0,0.0,0.0,0.0,0,0,0
20.69,0.001774,0.001329,0.007326,-0.007326,-0.03068,-0.162692,0.002,0.0,0.0,0.0,0.0,0.0,0.0,0.0,0,0,0
20.712,0.001774,0.001425,-0.007326,-0.007326,-0.03068,-0.165719,0.002,0.0,0.0,0.0,0.0,0.0,0.0,0.0,0,0,0
20.732,0.001774,0.001425,-0.007326,0.007326,-0.035472,-0.175442,0.002,0.0,0.0,0.0,0.0,0.0,0.0,0.0,0,0,0
20.754,0.001774,0.001329,-0.007326,0.007326,-0.035472,-0.153553,0.002,0.0,0.0,0.0,0.0,0.0,0.0,0.0,0,0,0
20.777,0.001774,0.001329,0.007326,0.007326,-0.035472,-0.163298,0.0055,0.0,0.0,0.0,0.0,0.0,0.0,0.0,0,0,0
20.797,0.001774,0.001329,-0.007326,-0.036631,-0.035472,-0.153851,0.002,0.0,0.0,0.0,0.0,0.0,0.0,0.0,0,0,0
20.825,0.001774,0.001329,-0.007326,-0.036631,-0.040264,-0.15404,0.002,0.0,0.0,0.0,0.0,0.0,0.0,0.0,0,0,0
20.845,0.001774,0.001329,-0.007326,-0.021978,-0.035472,-0.154178,0.002,0.0,0.0,0.0,0.0,0.0,0.0,0.0,0,0,0
20.868,0.001678,0.001329,-0.021978,-0.021978,-0.028763,-0.16392,0.002,0.0,0.0,0.0,0.0,0.0,0.0,0.0,0,0,0
20.888,0.001774,0.001329,-0.007326,-0.007326,-0.03068,-0.164054,0.002,0.0,0.0,0.0,0.0,0.0,0.0,0.0,0,0,0
20.908,0.001678,0.001425,-0.007326,-0.007326,-0.033555,-0.167066,0.002,0.0,0.0,0.0,0.0,0.0,0.0,0.0,0,0,0
20.928,0.001774,0.001425,-0.007326,0.007326,-0.035472,-0.167202,0.002,0.0,0.0,0.0,0.0,0.0,0.0,0.0,0,0,0
20.948,0.001869,0.001425,-0.021978,-0.021978,-0.042181,-0.176924,0.002,0.0,0.0,0.0,0.0,0.0,0.0,0.0,0,0,0
20.976,0.001678,0.001425,-0.021978,-0.007326,-0.028763,-0.167529,0.002,0.0,0.0,0.0,0.0,0.0,0.0,0.0,0,0,0
20.996,0.001774,0.001329,-0.007326,-0.007326,-0.040264,-0.16479,0.002,0.0,0.0,0.0,0.0,0.0,0.0,0.0,0,0,0
21.023,0.001678,0.001329,-0.007326,-0.007326,-0.028763,-0.164977,0.002,0.0,0.0,0.0,0.0,0.0,0.0,0.0,0,0,0
21.051,0.001774,0.001329,-0.007326,-0.036631,-0.035472,-0.165162,0.002,0.0,0.0,0.0,0.0,0.0,0.0,0.0,0,0,0
21.071,0.001678,0.001329,-0.021978,-0.021978,-0.028763,-0.165299,0.002,0.0,0.0,0.0,0.0,0.0,0.0,0.0,0,0,0
21.098,0.001678,0.001329,-0.021978,-0.007326,-0.028744,-0.155867,0.001992,0.0,0.0,0.0,0.0,0.0,0.0,0.0,0,0,0
21.118,0.001869,0.001329,-0.007326,0.007326,-0.042181,-0.165623,0.002,0.0,0.0,0.0,0.0,0.0,0.0,0.0,0,0,0
21.146,0.001774,0.001425,-0.007326,-0.021978,-0.035472,-0.168684,0.002,0.0,0.0,0.0,0.0,0.0,0.0,0.0,0,0,0
21.168,0.001678,0.001425,-0.007326,-0.007326,-0.031159,-0.173626,0.004,0.0,0.0,0.0,0.0,0.0,0.0,0.0,0,0,0
21.188,0.001869,0.001329,0.007326,-0.021978,-0.042181,-0.166094,0.002,0.0,0.0,0.0,0.0,0.0,0.0,0.0,0,0,0
21.211,0.001774,0.001425,-0.021978,0.021978,-0.035472,-0.178679,0.002007,0.0,0.0,0.0,0.0,0.0,0.0,0.0,0,0,0
21.231,0.001678,0.001425,0.007326,-0.007326,-0.023971,-0.178851,0.002,0.0,0.0,0.0,0.0,0.0,0.0,0.0,0,0,0
21.255,0.001869,0.001329,-0.007326,-0.021978,-0.042181,-0.166549,0.002,0.0,0.0,0.0,0.0,0.0,0.0,0.0,0,0,0
21.275,0.001774,0.001329,-0.021978,-0.007326,-0.035472,-0.166686,0.002,0.0,0.0,0.0,0.0,0.0,0.0,0.0,0,0,0
21.295,0.001678,0.001425,-0.007326,0.007326,-0.023971,-0.169699,0.002,0.0,0.0,0.0,0.0,0.0,0.0,0.0,0,0,0
21.315,0.001678,0.001329,-0.021978,-0.007326,-0.028748,-0.157348,0.001994,0.0,0.0,0.0,0.0,0.0,0.0,0.0,0,0,0
21.335,0.001678,0.001329,-0.021978,-0.021978,-0.028763,-0.167094,0.002,0.0,0.0,0.0,0.0,0.0,0.0,0.0,0,0,0
21.362,0.001678,0.001329,-0.021978,-0.007326,-0.033555,-0.167281,0.002,0.0,0.0,0.0,0.0,0.0,0.0,0.0,0,0,0
21.382,0.001869,0.001329,-0.007326,-0.051283,-0.042176,-0.167416,0.002002,0.0,0.0,0.0,0.0,0.0,0.0,0.0,0,0,0
21.41,0.001774,0.001329,-0.007326,-0.007326,-0.040268,-0.167598,0.001998,0.0,0.0,0.0,0.0,0.0,0.0,0.0,0,0,0
21.438,0.001774,0.001329,0.007326,-0.021978,-0.040264,-0.167788,0.002,0.0,0.0,0.0,0.0,0.0,0.0,0.0,0,0,0
21.458,0.001774,0.001329,0.021978,0.021978,-0.040264,-0.16792,0.002,0.0,0.0,0.0,0.0,0.0,0.0,0.0,0,0,0
21.481,0.001774,0.001425,0.021978,0.007326,-0.035472,-0.180502,0.002007,0.0,0.0,0.0,0.0,0.0,0.0,0.0,0,0,0
21.501,0.001774,0.001425,-0.007326,-0.007326,-0.040264,-0.180672,0.002,0.0,0.0,0.0,0.0,0.0,0.0,0.0,0,0,0
21.529,0.001774,0.001329,0.007326,-0.007326,-0.035472,-0.158812,0.002,0.0,0.0,0.0,0.0,0.0,0.0,0.0,0,0,0
21.552,0.001774,0.001329,0.007326,-0.007326,-0.035472,-0.168553,0.0055,0.0,0.0,0.0,0.0,0.0,0.0,0.0,0,0,0
21.572,0.001774,0.001329,-0.007326,-0.007326,-0.035472,-0.168688,0.002,0.0,0.0,0.0,0.0,0.0,0.0,0.0,0,0,0
21.594,0.001678,0.001329,-0.021978,-0.007326,-0.028763,-0.168839,0.002,0.0,0.0,0.0,0.0,0.0,0.0,0.0,0,0,0
21.614,0.001774,0.001329,-0.021978,0.007326,-0.035472,-0.168972,0.002,0.0,0.0,0.0,0.0,0.0,0.0,0.0,0,0,0
21.638,0.001678,0.001329,-0.021978,0.007326,-0.033555,-0.159545,0.002,0.0,0.0,0.0,0.0,0.0,0.0,0.0,0,0,0
21.658,0.001678,0.001329,-0.007326,-0.007326,-0.033555,-0.159682,0.002,0.0,0.0,0.0,0.0,0.0,0.0,0.0,0,0,0
21.681,0.001678,0.001425,-0.021978,0.007326,-0.028763,-0.181882,0.002,0.0,0.0,0.0,0.0,0.0,0.0,0.0,0,0,0
21.701,0.001774,0.001329,0.007326,-0.036631,-0.035472,-0.169557,0.002,0.0,0.0,0.0,0.0,0.0,0.0,0.0,0,0,0
21.721,0.001678,0.001329,-0.007326,0.021978,-0.033555,-0.169691,0.002,0.0,0.0,0.0,0.0,0.0,0.0,0.0,0,0,0
21.741,0.001774,0.001425,-0.007326,0.007326,-0.035472,-0.182287,0.002,0.0,0.0,0.0,0.0,0.0,0.0,0.0,0,0,0
21.761,0.001678,0.001329,-0.007326,-0.007326,-0.033555,-0.169961,0.002,0.0,0.0,0.0,0.0,0.0,0.0,0.0,0,0,0
21.789,0.001774,0.001233,0.007326,-0.007326,-0.040264,-0.157684,0.002,0.0,0.0,0.0,0.0,0.0,0.0,0.0,0,0,0
21.816,0.001774,0.001329,-0.007326,-0.036631,-0.035472,-0.170326,0.002,0.0,0.0,0.0,0.0,0.0,0.0,0.0,0,0,0
21.836,0.001774,0.001329,-0.007326,-0.007326,-0.035472,-0.170461,0.002,0.0,0.0,0.0,0.0,0.0,0.0,0.0,0,0,0
21.864,0.001678,0.001329,-0.007326,-0.007326,-0.033555,-0.161064,0.002,0.0,0.0,0.0,0.0,0.0,0.0,0.0,0,0,0
21.884,0.001774,0.001329,0.007326,-0.007326,-0.040264,-0.17078,0.002,0.0,0.0,0.0,0.0,0.0,0.0,0.0,0,0,0
21.911,0.001774,0.001329,-0.007326,-0.007326,-0.040264,-0.170966,0.002,0.0,0.0,0.0,0.0,0.0,0.0,0.0,0,0,0
21.939,0.001774,0.001329,-0.007326,-0.007326,-0.036481,-0.169133,0.0095,0.0,0.0,0.0,0.0,0.0,0.0,0.0,0,0,0
21.959,0.001678,0.001329,-0.007326,-0.021978,-0.033555,-0.171284,0.002,0.0,0.0,0.0,0.0,0.0,0.0,0.0,0,0,0
21.982,0.001774,0.001329,-0.021978,0.007326,-0.035472,-0.171443,0.002,0.0,0.0,0.0,0.0,0.0,0.0,0.0,0,0,0
22.002,0.001678,0.001329,-0.007326,0.007326,-0.023971,-0.171577,0.002,0.0,0.0,0.0,0.0,0.0,0.0,0.0,0,0,0
22.03,0.001678,0.001233,-0.007326,-0.021978,-0.02397,-0.159299,0.002,0.0,0.0,0.0,0.0,0.0,0.0,0.0,0,0,0
22.05,0.001774,0.001329,-0.021978,-0.007326,-0.035472,-0.171892,0.002,0.0,0.0,0.0,0.0,0.0,0.0,0.0,0,0,0
22.072,0.001774,0.001329,0.007326,-0.007326,-0.035472,-0.172042,0.002,0.0,0.0,0.0,0.0,0.0,0.0,0.0,0,0,0
22.096,0.001774,0.001329,0.007326,-0.007326,-0.035472,-0.172199,0.002,0.0,0.0,0.0,0.0,0.0,0.0,0.0,0,0,0
22.116,0.001774,0.001329,-0.007326,-0.007326,-0.035472,-0.17233,0.002,0.0,0.0,0.0,0.0,0.0,0.0,0.0,0,0,0
22.139,0.001774,0.001329,-0.021978,-0.021978,-0.035472,-0.172487,0.002,0.0,0.0,0.0,0.0,0.0,0.0,0.0,0,0,0
22.159,0.001678,0.001329,-0.007326,-0.021978,-0.028763,-0.182198,0.002,0.0,0.0,0.0,0.0,0.0,0.0,0.0,0,0,0
22.179,0.001774,0.001233,-0.021978,-0.021978,-0.035472,-0.160285,0.002,0.0,0.0,0.0,0.0,0.0,0.0,0.0,0,0,0
22.199,0.001774,0.001329,0.007326,0.021978,-0.035472,-0.172874,0.002,0.0,0.0,0.0,0.0,0.0,0.0,0.0,0,0,0
22.219,0.001678,0.001329,0.007326,-0.007326,-0.028763,-0.173005,0.002,0.0,0.0,0.0,0.0,0.0,0.0,0.0,0,0,0
22.247,0.001678,0.001329,-0.021978,-0.007326,-0.028791,-0.173186,0.002012,0.0,0.0,0.0,0.0,0.0,0.0,0.0,0,0,0
22.267,0.001678,0.001329,-0.007326,0.007326,-0.028763,-0.182901,0.002,0.0,0.0,0.0,0.0,0.0,0.0,0.0,0,0,0
22.294,0.001678,0.001233,-0.007326,-0.007326,-0.033555,-0.170622,0.002,0.0,0.0,0.0,0.0,0.0,0.0,0.0,0,0,0
22.322,0.001774,0.001233,-0.007326,-0.021978,-0.036481,-0.170798,0.0095,0.0,0.0,0.0,0.0,0.0,0.0,0.0,0,0,0
22.342,0.001678,0.001137,0.007326,-0.007326,-0.033555,-0.158428,0.002,0.0,0.0,0.0,0.0,0.0,0.0,0.0,0,0,0
22.364,0.001774,0.001233,-0.007326,-0.021978,-0.035472,-0.171053,0.002,0.0,0.0,0.0,0.0,0.0,0.0,0.0,0,0,0
22.384,0.001774,0.001233,-0.007326,-0.007326,-0.035472,-0.171177,0.002,0.0,0.0,0.0,0.0,0.0,0.0,0.0,0,0,0
22.407,0.001678,0.001137,-0.007326,-0.036631,-0.028763,-0.16844,0.002,0.0,0.0,0.0,0.0,0.0,0.0,0.0,0,0,0
22.427,0.001678,0.001137,-0.007326,0.007326,-0.028763,-0.158949,0.002,0.0,0.0,0.0,0.0,0.0,0.0,0.0,0,0,0
22.455,0.001678,0.001233,-0.007326,-0.007326,-0.028763,-0.171604,0.002,0.0,0.0,0.0,0.0,0.0,0.0,0.0,0,0,0
22.482,0.001774,0.001233,0.007326,0.007326,-0.040264,-0.181376,0.002,0.0,0.0,0.0,0.0,0.0,0.0,0.0,0,0,0
22.502,0.001774,0.001233,-0.007326,0.007326,-0.040264,-0.181497,0.002,0.0,0.0,0.0,0.0,0.0,0.0,0.0,0,0,0
22.524,0.001774,0.001233,-0.007326,-0.007326,-0.035472,-0.172018,0.002,0.0,0.0,0.0,0.0,0.0,0.0,0.0,0,0,0
22.544,0.001869,0.001137,0.007326,-0.036631,-0.047009,-0.169255,0.001993,0.0,0.0,0.0,0.0,0.0,0.0,0.0,0,0,0
22.572,0.001678,0.001137,-0.021978,0.007326,-0.028763,-0.169418,0.002,0.0,0.0,0.0,0.0,0.0,0.0,0.0,0,0,0
22.595,0.001774,0.001233,0.007326,0.007326,-0.035472,-0.17244,0.002,0.0,0.0,0.0,0.0,0.0,0.0,0.0,0,0,0
22.615,0.001678,0.001233,-0.007326,0.007326,-0.033555,-0.182166,0.002,0.0,0.0,0.0,0.0,0.0,0.0,0.0,0,0,0
22.639,0.001774,0.001137,0.007326,-0.021978,-0.040264,-0.169814,0.002,0.0,0.0,0.0,0.0,0.0,0.0,0.0,0,0,0
22.659,0.001774,0.001233,-0.007326,0.007326,-0.030665,-0.182449,0.001994,0.0,0.0,0.0,0.0,0.0,0.0,0.0,0,0,0
22.679,0.001869,0.001233,-0.007326,-0.021978,-0.046973,-0.172934,0.002,0.0,0.0,0.0,0.0,0.0,0.0,0.0,0,0,0
22.699,0.001678,0.001233,-0.021978,-0.007326,-0.028763,-0.182659,0.002,0.0,0.0,0.0,0.0,0.0,0.0,0.0,0,0,0
22.719,0.001774,0.001233,-0.007326,0.021978,-0.035472,-0.182769,0.002001,0.0,0.0,0.0,0.0,0.0,0.0,0.0,0,0,0
22.746,0.001774,0.001233,-0.007326,0.021978,-0.035472,-0.182937,0.002,0.0,0.0,0.0,0.0,0.0,0.0,0.0,0,0,0
22.766,0.001774,0.001137,-0.007326,-0.021978,-0.03068,-0.170563,0.002,0.0,0.0,0.0,0.0,0.0,0.0,0.0,0,0,0
